搜索关键词,监测品牌,搜索排名,笔记ID,笔记类型,笔记标题,笔记描述,笔记URL,作者ID,作者昵称,笔记最后更新时间,点赞数,收藏数,评论数,分享数,品牌情感倾向,品牌高频词,数据采集时间
livingproof,Living Proof,1,6836f7cd000000002301fedf,normal,不是博主 敢说真话,"我很少去尝试冷门的，手头上的都是小红书比较火的洗发水，不好说我看到的洗发水分享是不是广告，这篇就是说一下我用到现在的感受。
	
且初和offrelax真的洗完很涩，涩的要打结的那种，咬牙用完我肯定就不会回购了（ps：且初味道还是很好闻的）
	
控油的话maternatura和living proof都很不错，洗完会有轻微的涩感！第一瓶更控油，第二瓶更蓬松
	
喜欢柔顺的可以试试欧莱雅玻尿酸和noah，洗完头发都顺顺的，都不用抹护发素了，但控油一般般！
	
olaplex还挺好用的，洗完发质很好！
其它的都一般一般，无功无过
#别怪我说实话 #洗发水 #咱就是说主打一个真实 #洗发水测评",https://www.xiaohongshu.com/explore/6836f7cd000000002301fedf?xsec_token=ABW3P5dq9ahZRBZebfjQoCkydX4x4Id1YXHcebFdAOo1Y=&xsec_source=pc_search,635b45df000000001802cedc,奶茶,2025-05-28T19:47:25+00:00,71.0,23.0,4.0,6.0,正向,"蓬松, 轻微的涩感",2025-05-30T00:30:57.829682+00:00
livingproof,Living Proof,2,67377dcf000000001901a1f3,normal,几乎用过所有贵价控油洗发水,"很油的细软塌➕敏感头皮，天生头发少，掉发也挺严重，诉求就是控油、舒缓。除了图里这些，还有章小蕙推荐的myorganics白瓶、馥绿德雅绿白瓶、卡诗根源特护、资生堂头皮生机…
	
我的习惯是同时开三、四种不一样的洗发水用，可以非常明显的感受到每种洗发水的使用感！这个习惯好几年了，从最开始的隔一天洗一次，现在可以4天再洗[耶R]
	
[红色心形R]所有用过的里面，最最最最喜欢的就是Leonor Greyl 蜂蜜洗发水，已经用了十几瓶了！太太太爱了，所有头油、头痒、脱发都去买[买爆R]其次是VIRTUE紫瓶，起泡、味道、使用感都超好！这两瓶都是用一囤二的
	
一般不会回购：卡诗、资生堂、myorganics、living proof，非常一般的使用感，轮到用它们的时候都很勉强[笑哭R]
	
[星R]还有一个特别的存在：natureofthings，使用感和味道一般，但是可能会回购[笑哭R]主打苹果干x胞，芦荟椰子油什么的，还有水杨酸和去角质面膜才会有到的火山泥，这个配方很喜欢。有点深层清洁的感觉，所以我一般一个月用一次，起泡hin少，味道不太喜欢，但是不是化工味，洗完非常非常干，护发素要用多一点才行
	
[弱R]最不喜欢的是馥绿德雅，虽然！我回购过5次至少，那个时候可能没发现真正好用的，第一次接触到这么控油的产品，洗完非常非常干涩，甚至涩到头皮紧绷不舒服，还觉得挺好🙂有时候洗完头皮就痒，换季还有头屑！后面看介绍，才知道里面悬浮的球球是加了甚么东西（忘记了、反正没啥用只为了好看。成分也比较刺激
	
有什么好用的洗发水大家也可以安利一下哦[栗子R]
	
#洗发水[话题]# #洗发水推荐[话题]# #好物推荐[话题]# #脱发[话题]# #小红薯的日常[话题]#",https://www.xiaohongshu.com/explore/67377dcf000000001901a1f3?xsec_token=ABxQSP9GZRjt8UgMl5eNtLAkHfTO59qwIpxQ9YHUC_51c=&xsec_source=pc_search,651d0f3d000000002401450e,Tiiamo,2024-11-28T13:13:34+00:00,708.0,546.0,76.0,33.0,中立,非常一般的使用感,2025-06-07T20:07:59.707381+00:00
livingproof,Living Proof,3,68216c15000000000303c4eb,normal,大家都抢到了吗？livingproof骨折跳水！,"这一批历史低💰给宝子们发！
嘴皮子都磨破了才砍下来的
夏季也到了 为油扁塌专研的洗发水
控油蓬松用了都说好！
保税仓发🛒链路齐全有保障～
#缕灵洗发水[话题]# #livingproof[话题]# #油扁塌洗发水推荐[话题]# #控油蓬松[话题]# #寻美记[话题]# #油头洗发水推荐[话题]# #丰盈蓬松洗发水[话题]# #氨基酸洗发水[话题]# #洗发水蓬松[话题]# #洗发水清仓捡漏[话题]#",https://www.xiaohongshu.com/explore/68216c15000000000303c4eb?xsec_token=ABC4aA3WeshVmiL2sW2jbYQX3HqOnWLvYYhtZ4ShN7cns=&xsec_source=pc_search,62e8b5ab000000001501ae8e,小甜蜜丸子,2025-05-12T11:33:41+00:00,16.0,6.0,1.0,5.0,正向,"控油蓬松, 效果好",2025-06-07T20:43:39.601977+00:00
livingproof,Living Proof,4,67f3e24d000000001d023839,normal,Living Proof丰盈蓬松空气感洗发水吐槽,"终于空瓶了，先说结论，应该不会再回购了。
这瓶洗发水味道我觉得还挺好闻的，略带点柚子皮的苦涩，又有点草本的清香，但是没什么留香。液体是比较粘稠的透明粘液，起泡能力我觉得一般般。瓶子是挤压的设计，我不太喜欢挤压瓶，因为用到后期会很难挤出来，我只能倒放着才好挤。控油能力也一般般，经常第二天就感觉有点油了，不洗不行。价格我觉得倒是还好，1瓶236ml155元，在我接受范围内。
	
#洗发露[话题]# #洗发水[话题]#",https://www.xiaohongshu.com/explore/67f3e24d000000001d023839?xsec_token=AB1EKwJSGGhbeb0jyJwRFgE4r4MC2eltISXaXlZyFCISw=&xsec_source=pc_search,5975fe2c5e87e775a645fda5,张芮菁,2025-04-07T22:33:50+00:00,10.0,2.0,0.0,0.0,负向,"味道挺好闻, 留香一般, 价格还好",2025-06-07T20:43:39.601977+00:00
livingproof,Living Proof,5,67245bc8000000001a01ff7d,normal,避雷天猫livingproof,"买了一套他家洗发水 第一次寄来是漏的
然后说补偿25元 但是我不想要就拒绝
所以换货了 但是二次换回来的还是漏的
看着还是原来那个漏的
要不是心疼我辛辛苦苦抢的李佳琦红包
我就真的退了 这么无良的商家真恶心
#livingproof[话题]#",https://www.xiaohongshu.com/explore/67245bc8000000001a01ff7d?xsec_token=ABJTXQZfGRf4QnJsVwMOMuOZ38B1fB70THe6B8pxXA1PA=&xsec_source=pc_search,5e8b786e0000000001002639,啾了个啾,2024-11-01T12:40:41+00:00,20.0,0.0,1.0,1.0,负向,"无良, 恶心",2025-05-30T00:30:57.829682+00:00
livingproof,Living Proof,6,68131640000000000d01467e,normal,🛒缕灵2折大羊毛！！细软塌的神！,"🇺🇸高端小众洗发水livingproof
专为细软塌和油头设计
蓬蓬肽黑科技护发 秒get轻盈高颅顶！
	
外观设计：简约而不失高雅，瓶身设计时尚大方，手感舒适，易于抓握。按压开盖设计，控制用量不易漏。
	
功能特点：氨基酸表活，能够深层清洁头皮，有效去油止痒，同时补充发丝所需营养，让头发丰盈蓬松。
质地轻盈，易于起泡，泡沫丰富细腻，能深入发根清洁。
	
使用体验：使用后头发清爽度大大提升，维持时间长，控油蓬松效果显著，持续48小时不是问题，且不刺激头皮。尤其对于细软塌大油头来说，真的值得一试。
	
清仓[购物车R]2折，79就能把正装带回家，囤货装性价比更高，全家都能一起用！
	
#livingproof洗发水[话题]# #livingproof[话题]##控油洗发水[话题]##蓬松洗发水[话题]##护发洗发水[话题]# #细软塌必备[话题]# #看得见的肽蓬松力[话题]# #洗发水清仓捡漏[话题]# #进口洗发水[话题]# #缕灵丰盈蓬松洗发水[话题]#",https://www.xiaohongshu.com/explore/68131640000000000d01467e?xsec_token=ABPlBA1cLpzvg__1MmwEcYeJamr_p31i0wCq0TCd7X9yE=&xsec_source=pc_search,62e8b5ab000000001501ae8e,小甜蜜丸子,2025-05-01T14:35:44+00:00,5.0,3.0,1.0,2.0,正向,"高端, 小众, 简约, 高雅, 时尚, 舒适, 不刺激",2025-06-07T20:43:39.601977+00:00
livingproof,Living Proof,7,67e15fdd000000001b03bed4,normal,缕灵！我是真的受够了！！！！,"真的够够了，每天就这么不间断地滴滴滴滴滴滴，每一天！！！！每时每刻！！！！到底能不能改进一下你们的泵头！！！！还我置物架干净清爽也是你们的职责之一好吗！！！！造成的浪费我就不说了！
	
#缕灵[话题]# #livingproof[话题]#  @Living proof 缕灵 @Living proof缕灵 @Living proof缕灵 @Living proof 缕灵",https://www.xiaohongshu.com/explore/67e15fdd000000001b03bed4?xsec_token=ABkX-AZI6VDHBGZ-tqEW7qSbhF64n8QURbR8ieFyQ1l9E=&xsec_source=pc_search,5a5768004eacab5fb1edbf2a,哈利波波波波特,2025-03-24T21:36:30+00:00,0.0,1.0,11.0,0.0,负向,"浪费, 不干净, 需要改进",2025-05-30T00:30:57.829682+00:00
livingproof,Living Proof,8,68020165000000000903a604,video,试过控油蓬松最🐮的❗️真不是一般能比的,"小众高端洗发水livingproof大跳水啦！
快来捡漏‼️
建议宝子们先去比比日常💰
这个机制真的可遇不可求啊！嘴皮子都讲破了！
	
油扁塌一定要试试这瓶丧心病狂式吃油蓬松机器❗️
氨基酸表活 黑科技清洁护发
直接让我改“头”换面了！
添加了专研蓬蓬肽和蠕虫叉红藻提取物
能够进入发芯丰盈
真正48h控油蓬松不扁塌‼️
	
#控油蓬松[话题]# #洗发水控油蓬松[话题]# #看得见的肽蓬松力[话题]# #livingproof洗发水[话题]# #缕灵科技护发[话题]# #llivingproof[话题]# #大牌洗发水清仓[话题]# #控油洗发水推荐[话题]# #洗发水成分安全[话题]# #平价洗发水[话题]#",https://www.xiaohongshu.com/explore/68020165000000000903a604?xsec_token=ABwG2jwxlfTObRjKUIhowNWePMgAethnfQankdAANGUg8=&xsec_source=pc_search,62e8b5ab000000001501ae8e,小甜蜜丸子,2025-04-18T15:38:13+00:00,1.0,0.0,1.0,0.0,正向,"高端, 控油蓬松, 氨基酸表活, 黑科技清洁护发",2025-06-07T20:07:59.707381+00:00
livingproof,Living Proof,9,67126ddd000000001b03e2f2,normal,姐妹们这三个决赛圈帮忙选一个吧 救救孩子,哪个好？#李佳琦[话题]# #洗发水[话题]# #资生堂洗发水[话题]# #livingproof蓬松洗护[话题]# #offrelax洗发水[话题]#,https://www.xiaohongshu.com/explore/67126ddd000000001b03e2f2?xsec_token=ABFP77r5Tm5SCyWPyg_0iqcovn_FUNWG7QQzxwkfgVuUk=&xsec_source=pc_search,5a562bf9e8ac2b6792703442,大M,2024-10-18T22:17:02+00:00,7.0,3.0,19.0,0.0,中立,,2025-06-07T20:07:59.707381+00:00
livingproof,Living Proof,10,682402ec0000000022025469,normal,35💰了❗️去油蓬松是真的很绝❗️,"用过的都爱吧～
源价是真贵，清仓还不错
数量不多，去冲去冲～
#清仓特价[话题]# #洗发水测评[话题]# #控油蓬松[话题]# #洗发水红榜[话题]# #蓬松洗发水[话题]# #控油洗发水[话题]# #干发喷雾[话题]# #livingproof[话题]# #缕灵[话题]# #临期美妆[话题]# #护发养发[话题]# #回购清单[话题]#",https://www.xiaohongshu.com/explore/682402ec0000000022025469?xsec_token=ABt0A-ZxoXzbj07el-1f8LQGk5dCqW7OCae66kEh0O3Zw=&xsec_source=pc_search,60f39e750000000001004f6e,每天想退休,2025-06-03T16:25:33+00:00,2.0,1.0,0.0,1.0,正向,"去油蓬松, 真的很绝, 用过的都爱",2025-06-07T20:43:39.601977+00:00
livingproof,Living Proof,11,680467b4000000001b026719,normal,"沙发救星,是边上的那瓶living proof 5合1","Living Proof这个H&P系列，针对的是受损干枯发质，
洗发水和护法素用完，只能说维持住了水准，不如日婆的那套惊喜。
但是最小的这瓶5 in 1,在头发半干的时候，针对发量，（不过据我所知，沙发的姐妹一般都是头发又多又厚选手，哈哈哈哈哈哈哈）挤加币5分—25分 大小在手心。搓开后，先擦发根，（虽然说明里说先用发根），但是就我的经验，特别是染烫损伤发质，先用发根完全没有问题。
最后少量抓一下发根。用多了会发粘。
再拿吹风机吹干，或者自然干。（我自己的体会是自然干比吹风机吹干效果好）。
#自然卷沙发救星[话题]# #护发[话题]# #头发干枯毛燥受损[话题]# #让头发变柔顺的方法[话题]# #头发毛躁[话题]# #头发干枯干涩[话题]# #柔顺[话题]# #如何让头发柔顺有光泽[话题]# #沙发救星🌟轻松抚平毛躁[话题]#",https://www.xiaohongshu.com/explore/680467b4000000001b026719?xsec_token=ABTkGfJ05Yc0IjnqrUGqiAEFv2bIxE3rQOnq28wNL2vA0=&xsec_source=pc_search,5a394e7f4eacab7b5ed31175,滚滚,2025-04-20T11:19:16+00:00,0.0,1.0,0.0,1.0,正向,"维持水准, 效果好",2025-06-07T20:43:39.601977+00:00
livingproof,Living Proof,12,683329c800000000210004b8,normal,大油头直接冲它就完事了！！,"大油头表示很贼爱living proof
空瓶很多个了！
再油的头也能稳稳控油！清清爽爽～
	
挤出来是比较浓稠的啫喱
湿手就能搓出超免密丰富的泡沫
发丝根根分明 摸起来软软的
从视觉效果上头发层变厚！
香味是清新的花果香调
夏天就需要这种淡雅的香型～
而且坚持用 发丝会变厚变强韧！
除了小贵没毛病～
但现在直接打到3折！现在不冲更待何时[害羞R]
	
#油头救星[话题]# #防脱控油洗发水[话题]# #控油蓬松[话题]# #油头洗发水[话题]# #洗发水控油蓬松[话题]# #livingproof洗发水[话题]# #缕灵丰盈蓬松洗发水[话题]# #Livingproof缕灵[话题]# #缕灵洗发水[话题]# #洗发水[话题]#",https://www.xiaohongshu.com/explore/683329c800000000210004b8?xsec_token=ABy2dVmpkkcFW_na3CHReDCewGRruOtm0l6LrfSzZEuYI=&xsec_source=pc_search,62790ce6000000001501745f,bellaaaa,2025-05-25T22:31:36+00:00,1.0,1.0,3.0,0.0,正向,"贼爱, 控油, 清清爽爽, 香味清新, 淡雅, 发丝变厚变强韧",2025-06-07T20:43:39.601977+00:00
livingproof,Living Proof,13,682c3eb90000000020028492,normal,油头扁塌救星,"关于油头软塌我有发言权
先说一下我自己的头发情况，也欢迎大家一起讨论分享❤️
我是个油头，本身的头发有些偏硬，发质整体并不干枯，按理发师的话说我的头发整体发质是比较好的，但发根偏油基本上洗完头隔一天必然会油，发根油的话，会导致头发扁塌贴头皮，我本身一直追求蓬松，头发蓬松会显得脸相对来说会小一点，整体的氛围感更好，市面上大部分有点名气的蓬松洗发水几乎我都尝试过，目前近期手上在用的就是这几瓶洗发水，已经使用过一段时间来做分享。
近期在我心中排行第一的综合水平最高的是图二最左侧胖东来的这瓶洗发水。🌟🌟🌟🌟🌟
这个洗发水洗下来头发并不会特别干，但是蓬松度是有的，并且他的起泡很容易，性价比相对来说也是比较高的，我是被我妈妈安利的，所以大家有机会能买到这瓶洗发水的话，我觉得可以试一试，味道也并不难闻，而且挤不用太多，他就可以很容易起泡
就蓬松度比较好的方面来说，我第二推荐的是living proof，🌟🌟🌟🌟，之前我买的是正常量的，后来换成了大容量，由此可见，我对他的蓬松度是比较满意的，但是他洗完的头发会比较干会容易打结，所以这个时候一定要配合发膜去使用。
来说说老网红Christophe robin，🌟🌟🌟
这个品牌我很早之前就使用过，当时他们家的头皮磨砂膏很有名，我也是用了磨砂膏之后发现蓬松度真的很好，但是也是这样一个问题，洗完之后头发会很干，并且它起泡是需要你自己慢慢揉搓的，所以并不方便。后来我就买了同品牌的洗发水，但洗发水的蓬松度没有那么高，而且也是会有干涩的问题，所以近期我就懒得再用了。
国货品牌这几年势头都比较猛，我入手了若也roye，这个洗发水刚买回来的时候觉得还是有用的，头发来说是有一些蓬松的，但是后来洗着洗着我发现他蓬松保持得很短，然后整体的容量也不是很多，所以性价比相对来说并不高。
revitalash这款洗发水它的味道挺好闻，有一些蓬松度，但同样的问题蓬松程度并不是非常好，而且他还是挺贵的，如果头发出油并不是特别严重，并且有预算，对于香味有要求的话，我觉得这款可以试试。
还有其他几瓶洗发水下篇再分享，后面几张是我卷发或直发的照片，已经尽量不让头发贴头皮了[笑哭R]#油头救星[话题]# #洗发水分享[话题]# #控油蓬松[话题]# #细软塌蓬松的秘密[话题]# #贴头皮救星[话题]#",https://www.xiaohongshu.com/explore/682c3eb90000000020028492?xsec_token=ABuz3To18Td8QFOoI5NC_SnTCtVchxVHPJXoKEkPivKjk=&xsec_source=pc_search,54df25b9e779893335f9a830,锅盔妈妈,2025-05-21T16:55:14+00:00,49.0,23.0,12.0,2.0,正向,"蓬松度好, 头发会干, 容易打结",2025-06-07T20:07:59.707381+00:00
livingproof,Living Proof,14,681bc7dd000000000303a428,normal,🇨🇦真诚发问：没有人认识这个牌子吗？,"真的没有人在Sephora见过它吗🤨
客人问我这是什么牌子这么贵
我在思考🤔
这个牌子在Sephora应该很火的亚子才对吧
原价超级贵诶
难道我们又进了只有我们自己觉得不错的东西吗🙂
	
#GenCBeauty[话题]# #密西沙加生活[话题]# #多伦多生活[话题]# #加拿大最低价[话题]# #护发[话题]# #livingproof[话题]#  #觉得很好用[话题]# #全天然成分[话题]# #小众控的好品[话题]# #不是广不是广[话题]# #不允许你不知道[话题]# #闭眼入[话题]# #发现新事物[话题]# #出乎意料的发现[话题]#",https://www.xiaohongshu.com/explore/681bc7dd000000000303a428?xsec_token=ABaa5JWtP2GNnc5EgcHQSU0PrGv-_mVjSiwZ-oxMzrkf0=&xsec_source=pc_search,64b74373000000001403d5d3,小跟班和她不死心的老板,2025-05-08T04:51:42+00:00,24.0,11.0,57.0,1.0,正向,很好用,2025-05-30T00:30:57.829682+00:00
livingproof,Living Proof,15,67e4c276000000001d02df79,normal,打工人洗头排期&进阶版,"hi girl I'm good！
作为被时间追赶的都市职场女性，你是否也困在“两天一洗头”的循环中？明明渴望多睡半小时，却因油塌的刘海被迫早起洗头？别急！这份全网热议的「打工人洗头排期表」专为高效女性设计，帮你科学延长洗头间隔，7天发丝轻盈不狼狈，省时省力还能养发！
一、核心排期表：精准规划洗头节奏
✨适用人群：原洗头频率为2天/次的油性/混合性发质女性
⏰科学原理：顺应头皮油脂分泌周期，通过护理手段延缓出油速度，逐步调整头皮环境。
	
图见[向右R]萍伦趣
	
✅效果：从每周3.5次洗头→2.5次，省下30分钟，多睡美容觉！
二、配套护理技巧：延长清爽的秘诀
1️⃣洗发水“分区管理”
🔥深层清洁日（周一）：选择含水杨酸、无硅油的控油洗发水，搭配头皮磨砂膏按摩3分钟，清除毛囊堆积油脂。
🔥温和清洁日（周三）：切换氨基酸表活洗发水（如科颜氏椰香/卡诗绿瓶），避免过度清洁导致头皮敏感。
2️⃣吹发心机：低温+逆吹发根
🔥吹风机调至中低温档，先逆发流吹干发根（如左分者先向右吹），蓬松感立增，视觉延缓油塌。
3️⃣免洗急救神器
🔥8:00晨间油头：用蓬蓬粉轻拍发根，或蜜粉饼按压刘海，吸油不泛白。
🔥18:00约会急救：局部喷洒控油干发喷雾（推荐Living Proof或Batiste），手指梳理后瞬间恢复清爽。
三、不同发质适配方案
1.细软油性发质：排期表基础上，避免使用护发素接触头皮，发尾可用免洗护发乳。
2.染烫受损发质：周五改用护色/修护洗发水，周末用发膜代替护发素密集滋养。
3.敏感头皮：周三清洁日可替换为燕麦胶束水洗发水（如Aveeno），舒缓止痒。
四、避坑指南：这些习惯加速出油！
❌ 指甲抓挠头皮 → ✅ 指腹按摩
❌ 护发素涂抹发根 → ✅ 只涂发尾
❌ 高温水洗头 → ✅ 38℃温水最佳
🌟攻略彩蛋：坚持排期表3周后，头皮油脂分泌会逐渐趋于平衡，可尝试过渡至“3天1洗”进阶模式！
职场女性的精致，从“头”开始。与其被洗头日程绑架，不如用科学攻略夺回时间主权！💼🚿✨
#洗头排期[话题]# #从头开始精致省[话题]# #健康美从头发开始[话题]##洗头计划[话题]# #保护头发工程[话题]#  #懒人养发[话题]#",https://www.xiaohongshu.com/explore/67e4c276000000001d02df79?xsec_token=ABx18BpA-CmMVifndv_72v01osW7CxbstLBuYsnVjJnyk=&xsec_source=pc_search,67d27f17000000000601d104,旧颜爱省钱,2025-03-27T11:18:15+00:00,10.0,2.0,3.0,1.0,正向,"控油, 清爽",2025-06-07T20:43:39.601977+00:00
livingproof,Living Proof,16,6728a914000000001b010a70,normal,洗发水吐槽,"living proof洗发水，属于老网红了吧。我觉得好难用啊，即时效果干，但是又不持久控油，起泡少，每次用都挤很多……
#洗护[话题]# #",https://www.xiaohongshu.com/explore/6728a914000000001b010a70?xsec_token=ABVfWrpBePFYEQ1Pq6Tz3fZfnQib15lchBTOJdXhB-wgY=&xsec_source=pc_search,5a4dce1d4eacab494e03701e,YeShhhhyyy,2024-11-04T18:59:32+00:00,2.0,0.0,5.0,0.0,负向,"难用, 不持久控油, 起泡少",2025-05-30T00:30:57.829682+00:00
livingproof,Living Proof,17,6840580200000000230174b3,normal,Living proof洗发水护发素,"从朋友那里顺拐的两罐过来用，[doge]听说好用哈哈啊哈哈哈，一眼没看到中文，害姐在那里猜conditioner 是什么🤔
把姐的老油头照顾的挺好的，[害羞R]敏感脂溢性皮炎头皮没有异样！！把姐男人头发洗的挺蓬松，他烫过了，用了护发素洗完根根分明！[赞R]
你们说，下次要不要再去顺点？[色色R]#living[话题]# proof，#护发好物[话题]# #洗发水分享[话题]#",https://www.xiaohongshu.com/explore/6840580200000000230174b3?xsec_token=ABrDrYMv9Ymt6s2Gc39V3sw2J7YTK5xfHpU7tV4gFgROM=&xsec_source=pc_search,5caf3ec8000000001701b55b,啊哈soga,2025-06-04T22:28:18+00:00,6.0,2.0,1.0,1.0,正向,"好用, 照顾的挺好的, 没有异样, 洗的挺蓬松, 根根分明",2025-06-07T20:43:39.601977+00:00
livingproof,Living Proof,18,6837ec07000000000303a2fd,normal,618手慢无！我发誓这个💰真的香！,"真的是爆品‼️
销量巨高的缕灵丰盈蓬松洗发水
原价255，现在正装只到零头！
全网夸爆的进口黑科技控油
洗发更养发！
点开记得领🧧哦
还有710ml家庭装 买多省多
我要告诉全世界🔥
#洗护好物[话题]# #洗发水推荐[话题]# #livingproof洗发水[话题]# #清仓捡漏[话题]# #618攻略[话题]# #缕灵丰盈蓬松洗发水[话题]# #Livingproof缕灵洗发水[话题]# #洗发水去屑止痒控油蓬松[话题]# #油头洗发水[话题]#",https://www.xiaohongshu.com/explore/6837ec07000000000303a2fd?xsec_token=AB9UKqqLPYkvnP8AbAvg0sm0E4DXj9g2v8M-hWmXB2AOw=&xsec_source=pc_search,62e8b5ab000000001501ae8e,小甜蜜丸子,2025-05-29T13:09:27+00:00,1.0,0.0,1.0,0.0,正向,"爆品, 销量巨高, 进口黑科技, 控油, 洗发更养发",2025-06-07T20:43:39.601977+00:00
livingproof,Living Proof,19,68064f93000000001d0178ad,video,捡漏❗花点小💰get高颅顶小心机～,"现在真的是骨折底裤💰！🈚更低！
还是保税仓直发[购物车R]正品保障[棒R]
细软塌姐妹必备❗
#细软塌洗发水推荐[话题]# #洗发水蓬松去油[话题]# #livingproof洗发水[话题]# #缕灵丰盈蓬松洗发水[话题]# #livingproof缕灵[话题]# #洗发水去屑止痒控油蓬松[话题]# #蓬蓬肽增粗发芯[话题]# #蓬松自然到无懈可击[话题]# #夏季洗发水推荐控油蓬松[话题]#",https://www.xiaohongshu.com/explore/68064f93000000001d0178ad?xsec_token=ABuQxYeULrUdar-hc5emIRVI1RNRz9P5EJn5l9Wk45bjI=&xsec_source=pc_search,62790ce6000000001501745f,bellaaaa,2025-04-24T14:34:18+00:00,2.0,0.0,0.0,1.0,正向,"好用, 黑科技, 封神",2025-06-07T20:07:59.707381+00:00
livingproof,Living Proof,20,6841018d0000000021001ba0,normal,细软塌的救星驾到！,"是谁！还在为细软塌发质流泪到天明？🙋‍♀️
油得快、塌得早、毫无蓬松感...说的就是我本人了！每次洗头不到一天头顶扁塌得像被熨斗熨过，发根油腻腻地贴在头皮上...真的栓Q！😭
直到！被我的富婆闺蜜按头安利了LivingProof 丰盈蓬松洗发水!半信半疑试了一次... 真香警告！⚠️
✨ 用完第一次就惊了！
洗完吹干那一刻，整个头顶是那种自然的、空气感的蓬松,不是炸毛！手感超好，发丝又软又滑。第二天睡醒发现头顶依然很蓬松，持久度也很不错。
它这个泡沫超绵密，洗得干净但完全不涩！搭配它家的护发素（强推！），发尾也润润的，不会炸毛！
📌 细软塌姐妹必看Tips：
1️⃣ 重点洗头皮！发尾带过就好。
2️⃣ 吹头发时低头倒吹发根!冷热风交替定型，蓬松度翻倍！
3️⃣ 预算够的，一定要入同系列护发素/发膜，蓬松不炸毛的秘诀！
💰 价格小贵但值得！
讲真，一瓶是不便宜，但想想省下的洗头次数、出门前的造型时间，还有终于不用羡慕别人的高颅顶... 这钱花得值！算下来性价比超高！投资自己，从头开始！👑#细软发质[话题]# #洗发[话题]# #控油蓬松[话题]#",https://www.xiaohongshu.com/explore/6841018d0000000021001ba0?xsec_token=ABM16catNEKsZW9cw3Qx9EEA0oQPkzMrlOVsJE3zRumIg=&xsec_source=pc_search,6093d2280000000001000dc8,鱼丸醋面,2025-06-05T10:33:57+00:00,1.0,0.0,0.0,2.0,正向,"强推, 发尾也润润的, 不会炸毛",2025-06-07T20:07:59.707381+00:00
livingproof,Living Proof,21,680798e60000000007034903,video,沃去‼️原本500+被我砍到这个数💰！！,"再难啃的品牌方也被我啃下来了❗️
都是正装囤货装 超大容量[购物车R]
专研蓬蓬肽科技 对付细软塌很有一手！
不是日常💰买不起，而是清仓更有性价比～
任何人错过这波我都会心痛的[凋谢R]
#进口洗发水[话题]# #洗发水清仓捡漏[话题]# #livingproof洗发水[话题]# #缕灵洗发水[话题]# #缕灵丰盈蓬松洗发水[话题]# #缕灵每日圆满洗发水[话题]# #livingproof蓬松洗护[话题]# #livingproof缕灵[话题]# #洗发水控油蓬松[话题]# #细软塌洗发水推荐[话题]#",https://www.xiaohongshu.com/explore/680798e60000000007034903?xsec_token=ABFTG5H1cUjUFYqVgvNnc7ExfsIJyCWTeDhW9IEn1kFYU=&xsec_source=pc_search,62e8b5ab000000001501ae8e,小甜蜜丸子,2025-04-22T21:25:59+00:00,2.0,1.0,1.0,0.0,正向,"对付细软塌很有一手, 性价比高",2025-06-07T20:07:59.707381+00:00
livingproof,Living Proof,22,6732f362000000003c01507e,normal,重生之我成蒲公英,"用过很多种洗发水，有好点也有差点意思的，但只有它！疯狂掉头发！
第一次用有些掉多了，后面越来越多。我都没反应过来是洗发水的问题，想着是不是什么换季或者别的原因，本来也属于掉发多的。直到新一年双十一来了，这瓶还剩三分之一，想着可以做做攻略买个新的一块凑囤货了。我才知道网上这么多人一样的情况！
我还抱着不太夸张的区别，就把剩余的用完想法，新洗发水一到，试第一次就感觉明显掉发少了一些，这……那我严谨点，再用两次再决定？
嗯，是它无疑了。我说这半年头上天天跟炸毛海胆一样，总有新头发乱飞💢[生气R]干得漂亮，剩下的三分之一已经去垃圾桶了！不要买不要买不要买！不想每次洗头两大把掉头发，就不要买！
	
#Livingpoof[话题]#
#洗发水推荐[话题]#
#掉发严重[话题]#",https://www.xiaohongshu.com/explore/6732f362000000003c01507e?xsec_token=AB4fmUQgfjLj9ydabExVeaaLU5-bXf6dOK_ihYWWFe7LU=&xsec_source=pc_search,54530c8fd6e4a9637867f516,happy1-1,2024-11-12T14:19:15+00:00,3.0,0.0,0.0,1.0,负向,"疯狂掉头发, 干得漂亮",2025-06-07T20:43:39.601977+00:00
livingproof,Living Proof,23,683fb4c400000000210189ed,normal,惊天巨折！🐮到爆的控油洗发水！,"对油头来说爆好用舒服的洗发水！
油头？扁塌？秃瓢感？
给姐支棱起来！！
livingproof洗发水是懂氛围感作弊的！!
早上洗头下午就油的姐妹！救命稻草在这!!
-
缕灵自有实验室自主研发，通过了16项测试！专业搞黑科技的就是硬核！成分狠到直击油扁塌痛点！
⬇️
MIT专研的蓬蓬肽，48小时蓬松！
蠕虫叉红藻提取物，隔离外界油垢湿气！
肽填充科技，增粗发丝！
尾穗苋籽提取物，增加头顶发丝支撑力！
-
配方更是狠人！🈚硅油🈚硫酸盐🈚防腐剂！
用植物角鲨烷代替硅油！复合氨基酸去油不干涩！
洗感爽炸天！
前调是清新果香🍊
中调是治愈花香🌸
后调是木质香🌿
洗完的头皮！像！能！呼！吸！
三天后发丝一撩，还有若隐若现的冷香！
-
这个机制错过真的没有！
仅此一批！最后的捡漏！！
	
#洗发水控油蓬松[话题]# #油头洗发水[话题]# #livingproof洗发水[话题]# #缕灵丰盈蓬松洗发水[话题]# #Livingproof缕灵[话题]# #洗发水红榜[话题]# #洗发水推荐[话题]# #洗发水留香持久好闻[话题]# #进口洗发水[话题]#",https://www.xiaohongshu.com/explore/683fb4c400000000210189ed?xsec_token=ABdDHYuZj-8q1VZhJsVa3GBJoZqkoldpNbANumnNyy9rQ=&xsec_source=pc_search,62790ce6000000001501745f,bellaaaa,2025-06-04T10:51:49+00:00,0.0,0.0,1.0,0.0,正向,"自主研发, 通过了16项测试, 专业搞黑科技, 直击油扁塌痛点, 蓬蓬肽, 隔离外界油垢湿气, 增粗发丝, 增加头顶发丝支撑力, 狠人配方, 无硅油, 无硫酸盐, 无防腐剂, 植物角鲨烷, 复合氨基酸, 不干涩",2025-06-07T20:43:39.601977+00:00
livingproof,Living Proof,24,68240e22000000002001c752,normal,618李佳琦直播间孕妇🉑用 洗发水篇,"【洗发水】
佳琦带到的洗发水不多，我都截图在上面了，比较多是有去屑功能的
去屑洗发水常添加水杨酸，水杨酸成分是孕妇禁用的，备孕姐妹们下单谨慎选择~
	
后面几个是我自用过好用，不含孕妇禁用成分的洗发水。
	
我是沙发强受损发质，头发干枯毛燥，但是很多修护类洗发水洗完头皮很闷，黏黏的，自用的几个都是洗感清爽的~
	
目前自用的是爱露梦茶树洗发水，含水杨酸，不过洗完头皮很有凉感，像开空调，太喜欢了[捂脸R]暂时先用着吧[笑哭R]
	
以下就是不含孕妇🚫用成分，自用过好用的洗发水：
	
三生花防脱，之前试过小样，很好用，泡泡丰富，洗完头发不涩，头皮干爽！
	
Livingproof缕灵蓬松洗感好，没什么香味，洗完头发相对偏涩，回购过一次；
	
康如芒果，味道好闻，泡泡一般，主要喜欢味道；
	
fan beauty diary 白檀洗发水也是味道好闻；
	
👄喜欢Olaplex欧拉裴4号洗发水，之前连续回购了三瓶，洗感好，香味好，洗完头发不干，并且控油时间久，大约3天头发都不油~
以上内容给备孕姐妹们参考！
	
还是那句话，护肤品添加量有限，是否使用取决于个人选择。介意的姐妹可以谨慎购入，不介意就无所谓的啦~#洗发水[话题]# #618[话题]# #李佳琦[话题]# #备孕好物[话题]# #孕妇可用[话题]#",https://www.xiaohongshu.com/explore/68240e22000000002001c752?xsec_token=ABUSIp33iqyrOf0zy4DHnNb83Wa5dV0E6tkmhIuQHbTwg=&xsec_source=pc_search,5903ea2650c4b457349676e5,pupu👄brave,2025-05-14T11:29:39+00:00,252.0,208.0,126.0,40.0,中立,"蓬松, 没什么香味, 偏涩",2025-05-30T00:30:57.829682+00:00
livingproof,Living Proof,25,682ed848000000002200766b,normal,这个夏天不允许再油扁塌了！！,"都给我支棱起来！
亲测用了一周
泡沫超绵密的，强力清洁力！
去油效果非常👍
但洗完不会有氨基酸洗发水干涩的通病
甚至不用护发素都不会毛躁打结
有种头皮都在呼吸，贼清爽的感觉
	
原本有点小贵，货值和毫升数都是200+
但现在清仓啦！
这个💰预算不高的姐妹也能🐛！
	
#Livingproof缕灵丰盈洗发水[话题]# #洗发水控油蓬松[话题]##洗发水去屑止痒控油蓬松[话题]##livingproof洗发水[话题]##蓬松洗发水[话题]##好物推荐[话题]##控油洗发水[话题]# #洗发水控油蓬松[话题]# #油头救星[话题]#",https://www.xiaohongshu.com/explore/682ed848000000002200766b?xsec_token=ABG30OPiP0GB2HgEzamJQZtNRsXDQTh1VX4u3ow5SXmQU=&xsec_source=pc_search,62790ce6000000001501745f,bellaaaa,2025-05-22T15:54:49+00:00,3.0,0.0,1.0,0.0,正向,"强力清洁力, 去油效果非常👍, 不会干涩, 不会毛躁打结, 贼清爽",2025-06-07T20:43:39.601977+00:00
livingproof,Living Proof,26,680f570d000000000703591f,video,沃去！！原本400+💰 是谁还不知道...,"堪称油扁塌的福报！！
livingproof真的封神了...
用五分钟体验头包脸的快乐～
#livingproof洗发水[话题]# #缕灵丰盈蓬松洗发水[话题]# #livingproof[话题]# #洗发水清仓捡漏[话题]# #进口洗发水[话题]# #缕灵洗发水[话题]# #控油蓬松[话题]# #洗发水控油蓬松平价[话题]# #洗发水红榜[话题]# #油头洗发水推荐[话题]#",https://www.xiaohongshu.com/explore/680f570d000000000703591f?xsec_token=ABn4Qh_ad48nBQ_z2gbCtaFHA8Q5GG3bsvV7NNYCp6Zso=&xsec_source=pc_search,62e8b5ab000000001501ae8e,小甜蜜丸子,2025-04-28T18:23:10+00:00,1.0,0.0,0.0,1.0,正向,"封神, 福报, 快乐, 丰盈蓬松, 清爽, 空气感",2025-06-07T20:43:39.601977+00:00
livingproof,Living Proof,27,67a8a6c5000000002901b794,normal,200多的livingproof,"静安消费券交作业了
临期产品打六折，正好需要洗发水！在打折货架的角落发现这最后一瓶。转了半个小时，终于搞定了[笑哭R]
	
#livingproof[话题]# #livingproof洗发水[话题]# #静安消费券[话题]#  #静安消费券作业[话题]# #丝芙兰[话题]#",https://www.xiaohongshu.com/explore/67a8a6c5000000002901b794?xsec_token=ABP6sBLMooGAF4DvcH45JN5m85H11NT_bq9B8-ZM8c1aE=&xsec_source=pc_search,55658085f5a26326be23e17b,Jade_JJJ,2025-02-09T20:59:49+00:00,3.0,0.0,1.0,2.0,正向,"需要, 搞定",2025-05-30T00:30:57.829682+00:00
livingproof,Living Proof,28,6830266500000000230112f5,normal,近期使用的头发洗护,"[举手R]简单说下自己的头发状况，隔天洗一次，再久就会很油，沙发但是偏细软，发质看上去好坏程度非常看天气。
‼️以下1-5是洗发水，6-8是护发产品‼️
[一R]韩国kundal洗发水和护发素
买了一套都是蜂蜜坚果的，味道是粉红葡萄柚香
我偏爱柑橘调的香味，所以这套的味道非常喜欢，
偏滋润的质地，护发素用完挺顺滑的，
整体中规中矩，适合头发没啥问题，又不知道用什么的时候的选择
	
[二R]Giovanni茶树油洗发水
带薄荷感🍃，但又不会特别刺激，天气热的时候特别喜欢用这瓶
有种洗完之后特别干净的感觉，但又不至于很干涩，这瓶我用得特别快，
我一般会同时用几种洗发水的，但天气一热，每次洗头发都会很随手拿起这瓶
	
[三R]Living Proof丰盈蓬松洗发水
有段时候总感觉头发油油的，看到广告就下手了
味道一闻就是：啊是泥膜！的感觉，闻起来就感觉清洁力很厉害哈哈哈
使用效果对我来说一般，用完后发尾非常干涩，一定要用护发素
使用后头皮虽然有干净感，但是发根处没太有蓬松感
	
[四R]薇姿绿标洗发水
这瓶是之前染完发后怀疑自己有溢脂性皮炎（有头屑、还有头油味），但应该是轻微的，搜到了这瓶
[彩虹R]它的味道像药味，不臭，挺上头的，使用感非常喜欢，它用完后是真的有头发干净蓬松了的感觉，但发尾肯定还是干涩，不过没有livingproof那么干，是可以不用护发素，但吹头发的时候要抹点发油的程度，用了大半个月吧，感觉没什么头皮屑了
就是不知道健康头皮能不能用
	
[五R]Offrelax头皮预洗凝露
说到头皮有油味，当时也是搜了很多相关的洗护产品，搜到了这个
看名字就知道了，专门针对头皮清洁的，它的质地像水，香味非常重，感觉用完这个香气完全能盖住头油味，开始用的几次使用感很好，也是感觉洗完很干净，头发蓬松了，但是用几次之后就没有开始的那种惊艳感了，难道是所谓的‘抗药性’？
	
[六R]NIUCOCO的椰油发油
感觉是目前为止用过最好用的发油[红色心形R]，
之前有用过一些发油，会有那种抹是抹上了，但只是覆盖在头发表面，没有吸收进去的感觉，不知道你们有没有试过，但这瓶用的时候就是觉得真能吸收进去[okR]
味道闻着不像香精，已经回购过两三瓶了
	
[彩虹R]剩下的写不完放P10了‼️
	
#护发好物[话题]# #洗发[话题]# #护发[话题]# #洗护[话题]#",https://www.xiaohongshu.com/explore/6830266500000000230112f5?xsec_token=ABTOOaMyNQi5wOEV5c_hjSbsnW1aaQnMn5E78k7qKY4_s=&xsec_source=pc_search,5fe827c6000000000101fc1d,吃好喝好玩得开心,2025-05-23T15:40:21+00:00,7.0,1.0,0.0,0.0,中立,"一般, 干涩, 没有蓬松感",2025-05-30T00:30:57.829682+00:00
livingproof,Living Proof,29,68299d81000000000303d65b,normal,爱用物 雷品 回购N+,"卡诗的洗发水[捂脸R]
开始还可以，时间长了，感觉不蓬松了，非常贴头皮，所以我都配合Living proof一起用，才能蓬起来 综合考虑不推荐
卡诗的护发素[派对R]
非常好用，值得无限回购的单品♾️总完根本不需要梳子，像瀑布一般
TangleTeezer英国王妃梳子[派对R]火了太久了 大家应该都有感受 一梳顺畅 打结的头发也会平整
雅诗兰黛罐装眼霜[派对R]
是我的心头好 就这么说吧 我本来有的小细纹都让它抚平了，但是眼霜笔[捂脸R]谁买谁踩坑，完全没必要
雅诗兰黛的线雕精华[捂脸R] 平平无奇 无功无过
雅诗兰黛的霜[派对R]
用完脸很软而且清爽，对皮肤有滋养，唯一不足的是不如珀莱雅的霜水润（干皮：盈润版 油皮：轻盈版）#618冲了新的[话题]#
娇韵诗的熬夜精华[派对R]
姐姐送的新年礼物🎁太赞了，熬夜完脸非常干的而且会垮脸，用这个精华毫无熬夜影响
Dior的水[捂脸R] 姐姐一瓶我一瓶，粘而不腻，但是我觉得自购 真没必要
Living proof洗发水 泡沫绵密 头发也蓬松但是会发干 头发没有油润感🫧
HBN精萃水[派对R]性价比超高 适合湿敷 回购了很多次了 非常好用 他家洗面奶[派对R]也好用 对这个品牌很有好感
Bring green护唇膏[萌萌哒R]非常粘嘴🤣 但是这种的特别适合晚上用 第二天嘴唇饱满 嫩嫩的
且初的卸妆膏（无花果味）[萌萌哒R]其实它和ddg我觉得差距不明显，我都买了，这个也贵一些，但谁让我香味控呢
#分享爱用物[话题]# #护肤好物[话题]# #回购及空瓶[话题]#",https://www.xiaohongshu.com/explore/68299d81000000000303d65b?xsec_token=AByrrGlurnQ8_ZYi0pMV1yvzPfPqHN3hgvguKMKecsKnY=&xsec_source=pc_search,608f92ee0000000001006f6e,G-x1an妍儿,2025-05-18T16:42:42+00:00,3.0,1.0,0.0,0.0,中立,"泡沫绵密, 头发也蓬松但是会发干, 头发没有油润感",2025-06-07T20:07:59.707381+00:00
livingproof,Living Proof,30,66bc811b000000001e01935f,normal,我洗一次头要用到的东西,"头顶油发尾糙的可以试试，亲测有效
	
1.offrelax滋润发膜
这个我推荐了好几次了，真的很好用
他家有两个版本的，我会更喜欢滋润版，效果对我来说会更好
洗完头后，库库挤几圈往发尾抹就行，都不需要等多久，也没啥手法
不用害怕油腻不好吸收啥的
他家这个算是滋润型发膜中的清流了 很清爽很清爽
抹上然后用一根皮筋扎起来 洗完澡后冲掉就可以
用完后吹完头发，头发巨巨巨巨顺亮，都不需要用护发精油了，
而且他不是假润，第二天起来头发还是有光泽的那种
我超级喜欢，每次出去玩为了拍照好看我都要早上洗头，为了用这个发膜……
	
2.living proof 洗发水
这个控油效果真的好，我是大油头，洗完能三天不洗头，还不会臭
而且会让我的头发特别特别蓬松！！洗感也不错，我会回购！！！！
而且这个很适合需要做造型的，这个洗完很好做造型！！！！
	
3.sudtana头皮精华
头油头痒头皮会长痘痘的推荐，性价比很高
而且真的很有用
洗头前用，精油质地，其实挺轻薄的，滴在头皮上按摩15分钟左右再去洗掉
坚持用个几次，可以很好的改善头皮环境
我很容易像头皮屑和痘痘，一出现这种情况我就用这个，几次就好了，坚持用头皮出油也会好很多！！买的值！！！！
	
4.睡眠发圈＋真丝枕头套
这两个都是真丝的，发圈安利了无数次，头发粗糙容易掉头发睡前绑起来，可以减少掉发！！
真丝枕套也是一样的道理，可以让发质变好，也会减少头发和枕套之间的摩擦！！减少掉头发！！！！
	
#offrelax发膜[话题]# #livingproof洗发水[话题]# #sudtana头皮精华[话题]# #睡眠发圈[话题]# #真丝枕套[话题]# #发膜推荐[话题]##头发护理[话题]##洗发水推荐[话题]##烫染受损[话题]#",https://www.xiaohongshu.com/explore/66bc811b000000001e01935f?xsec_token=ABDSuRdHU_vBu33Los1osVfb0goVvA4dAwlFb_7u99_0Q=&xsec_source=pc_search,6524bb07000000002a01a957,龙卷风吹毁停车场,2024-08-17T22:23:40+00:00,1247.0,603.0,66.0,40.0,正向,"控油效果好, 蓬松, 洗感不错, 很好做造型",2025-05-30T00:30:57.829682+00:00
livingproof,Living Proof,31,67f5ecc1000000000f0300db,video,跳水价❗️2折拼手速啦❗️,"Living Proof缕灵 我真的相见恨晚！！
油头 细软塌5分钟改头换面!！
✅ 缕灵丰盈蓬松洗发水
👉油性发质/细软发丝扁塌人群
2天不洗头依然清爽蓬松 高颅顶get！
✅ 缕灵每日圆满洗发水
👉毛躁暗哑/干枯没光泽人群
像给头发灌了十全大补汤
吹干后绸缎光泽感绝了！
	
⚠油扁塌姐妹重点冲丰盈系列
回购只有0次和无数次！
#缕灵洗发水[话题]# #livingproof[话题]# #油扁塌洗发水推荐[话题]# #控油蓬松[话题]# #春日养发护发[话题]# #油头洗发水推荐[话题]# #丰盈蓬松洗发水[话题]# #洗发水清仓捡漏[话题]# #洗发水氨基酸[话题]# #洗发水蓬松[话题]#",https://www.xiaohongshu.com/explore/67f5ecc1000000000f0300db?xsec_token=ABKmq0FGUa_03ezBj756dxBz55LoFSrjyRS76L-5x7tVc=&xsec_source=pc_search,62e8b5ab000000001501ae8e,小甜蜜丸子,2025-04-09T11:42:58+00:00,8.0,5.0,5.0,3.0,正向,"相见恨晚, 清爽蓬松, 绸缎光泽感",2025-06-07T20:07:59.707381+00:00
livingproof,Living Proof,36,67bee1aa000000000900c6c1,normal,选洗发水选疯了 livingproof狠狠避雷,"如题，孩子真的要疯了，贵价一点的洗发水试了livingproof，欧舒丹，欧舒丹洗完还算舒服，但是livingproof真的……洗完很干涩，而且也没有很蓬松，第二天就已经油了，甚至不如我用的十几块钱五百毫升的蜂花绿瓶……
明天再试试大卫尼斯那款[哭惹R]#哪种洗发水好用[话题]# #油头洗发水[话题]# #洗发水分享[话题]#",https://www.xiaohongshu.com/explore/67bee1aa000000000900c6c1?xsec_token=ABsKp4mb8rMbp8BRRbsK_oB13CVoA8oODMjg15Ott1sec=&xsec_source=pc_search,5bd84dd4abfea200011fbe3b,夜行,2025-02-26T17:40:59+00:00,1.0,0.0,0.0,0.0,负向,"干涩, 不蓬松, 油",2025-05-30T00:30:57.829682+00:00
livingproof,Living Proof,37,68119c0b000000000900e28b,video,细软塌都去用！！我真的爱si缕灵了😍！！,"2折！2折！79！！
清仓捡漏💰！
#看得见的肽蓬松力[话题]# #细软塌的秘诀[话题]# #livingproof洗发水[话题]# #缕灵丰盈蓬松洗发水[话题]# #洗发水控油蓬松[话题]# #细软塌洗发水推荐[话题]# #油头洗发水[话题]#  #头发蓬松[话题]# #Livingproof缕灵[话题]# #Livingproof[话题]#",https://www.xiaohongshu.com/explore/68119c0b000000000900e28b?xsec_token=ABq7UwY9lA24-riZFhRPY_LVgj9TXQLof7wWgHCd2NbGA=&xsec_source=pc_search,62e8b5ab000000001501ae8e,小甜蜜丸子,2025-04-30T11:42:04+00:00,1.0,0.0,1.0,1.0,正向,"爱, 无限回购, 神",2025-06-07T20:43:39.601977+00:00
livingproof,Living Proof,38,6718c5fd000000001402d5d0,normal,救命🆘我用伊索洗发露,"怎么刚洗完吹干就头皮屑爆炸啊[哭惹R]谁能给我推荐一款不起头皮屑的洗发水啊，能让我两天不油头就行[笑哭R]
施巴去屑❌
薇姿绿标❌
BOTANIST蓓甜诗洗发水植物学家（比上面两款好点）
Livingproof丰盈 还是起头屑
馥绿德雅清润舒缓比绿珠那个稍好点 还是起头屑
Aveda紫色瓶子的❌
Alra 用一次气的我直接扔了❌❌❌
到底什么洗发水才适合我啊！",https://www.xiaohongshu.com/explore/6718c5fd000000001402d5d0?xsec_token=ABB64uKR6n8AlCJ833lL1g-Vr-BKQ2FdRgCzmVpWruUM4=&xsec_source=pc_search,5919d49e82ec391f2c4f9f81,神的孩子爱嬉戏,2024-10-23T17:46:37+00:00,5.0,1.0,6.0,1.0,负向,还是起头屑,2025-05-30T00:30:57.829682+00:00
livingproof,Living Proof,39,6815aeaf0000000009015918,video,不能再低了‼️这羊毛薅到就是赚到！,"livingproof缕灵
黑科技控油蓬松洗发水
清仓[购物车R]2折！！
#livingproof洗发水[话题]# #缕灵洗发水[话题]# #缕灵丰盈蓬松洗发水[话题]# #Livingproof缕灵[话题]# #洗发水清仓捡漏[话题]# #洗发水控油蓬松[话题]# #油头洗发水[话题]# #LivingProof每日圆满洗发水[话题]#",https://www.xiaohongshu.com/explore/6815aeaf0000000009015918?xsec_token=ABFW4dZ3rhb0av37bSo2ajrxL4aTjQhi4F_soB-dERTRE=&xsec_source=pc_search,62e8b5ab000000001501ae8e,小甜蜜丸子,2025-05-03T13:50:39+00:00,2.0,1.0,2.0,1.0,正向,"清仓, 2折",2025-06-07T20:07:59.707381+00:00
livingproof,Living Proof,40,668510d6000000001e010c39,video,洗护分享，真真切切都是自己的用后感#洗护[话题]# #洗护好物[话题]# #洗护推荐[话题]# #洗发水推荐[话题]#,洗护分享，真真切切都是自己的用后感#洗护[话题]# #洗护好物[话题]# #洗护推荐[话题]# #洗发水推荐[话题]#,https://www.xiaohongshu.com/explore/668510d6000000001e010c39?xsec_token=ABTcy6ioxS1S-Ra5Ztszr5uEaUKSpr0RuG8BfqLRNG9UI=&xsec_source=pc_search,5ab8637211be1023c4e785ec,曹赢心,2024-07-03T16:50:31+00:00,31.0,11.0,5.0,4.0,正向,"细软塌的救星, 非常友好, 清爽, 蓬松",2025-05-30T00:30:57.829682+00:00
livingproof,Living Proof,41,66f77b83000000001b023240,normal,Livingproof也太难用了,这个价位还能有这么难用的洗发水，起泡少，洗完了头痒和起头皮屑，200多买200ml左右，价不配位，盲选同价位的最多是无功无过，这款怎么难用成这样？？？,https://www.xiaohongshu.com/explore/66f77b83000000001b023240?xsec_token=AB3ExGHRCZnJ9qL89tSRCU5juf7S_oPoF2lMjNm4AuY3w=&xsec_source=pc_search,65d561aa0000000005032d50,🐰🐶,2024-09-28T11:44:03+00:00,11.0,10.0,21.0,3.0,负向,"难用, 价不配位",2025-05-30T00:30:57.829682+00:00
livingproof,Living Proof,42,680100e2000000001c000a00,video,油扁塌集合❗平常400+的洗发水清了❗,"livingproof洗发水大清仓！
正品清仓❗正品清仓❗
油扁塌真的不能错过它[购物车R]
缕灵家控油蓬松真的不是说说而已
还有大瓶囤货装省更多❗
洗发水消耗品就是要囤多点～
#洗发水控油蓬松[话题]# #进口洗发水[话题]# #livingproof洗发水[话题]# #洗发水清仓捡漏[话题]# #缕灵丰盈蓬松洗发水[话题]# #livingproof缕灵[话题]# #哪种洗发水好用[话题]# #油头洗发水[话题]# #控油蓬松[话题]# #洗发水推荐排行榜[话题]#",https://www.xiaohongshu.com/explore/680100e2000000001c000a00?xsec_token=AB2IUUfJmaGm-B1BWvbGMi0GT4WLWDpR6fHlJNCn-K9cg=&xsec_source=pc_search,62790ce6000000001501745f,bellaaaa,2025-04-17T21:23:47+00:00,2.0,1.0,1.0,1.0,正向,"控油蓬松, 正品, 清仓",2025-06-07T20:07:59.707381+00:00
livingproof,Living Proof,43,67e3d38c000000000603eb54,video,跳崖式清仓！livingproof缕灵洗发水必冲！,"原💰255
数量不多速囤！随时下！
控油蓬松真的绝[买爆R]
#livingproof[话题]# #缕灵[话题]# #清仓特价[话题]# #洗发水[话题]# #控油洗发水[话题]# #控油蓬松[话题]# #细软塌必入[话题]# #油头洗发水[话题]# #丰盈蓬松洗发水[话题]#",https://www.xiaohongshu.com/explore/67e3d38c000000000603eb54?xsec_token=ABUVZBrOOpHpc1RjARbjDOnLKYPjrXXfOMLld1URxH9WE=&xsec_source=pc_search,62790ce6000000001501745f,bellaaaa,2025-03-26T18:14:37+00:00,2.0,1.0,4.0,1.0,正向,"控油蓬松, 绝",2025-06-07T20:43:39.601977+00:00
livingproof,Living Proof,44,677b0ad70000000001009f6a,normal,洗发水、护发素、发膜、发油、防脱、沐浴液,"洗发水：
Oribe Gold Lust [五R] 洗完头发又直又顺又不出油，除了贵没有缺点
Living proof Perfect Hair [三R] 蓬但干，洗不出好
Neutrogena T/Sal® Therapeutic [四R] 毛囊炎专用，头皮长痘用两次就消了
Kiehl‘s Amino [三R] 不太蓬
Kérastase Bain Densité Deluxe [四R] 一般好用
Biosilk Silk Therapy [四R] 便宜好用
Christophe Robin Regenerating [三R]
Christophe Robin 海盐洗发膏[二R] 清洁力度太大，一个礼拜洗一次头可以用它
Klorane Shampoo with Quinine and B vitamins [三R] 不起泡
R+Co Television Perfect [三R]
Pura d’or Advanced Therapy System [二R] 起头屑
	
护发素：
Oribe Gold Lust [五R] 吸收很快、头发很垂
Kérastase Fondant Densité [四R] 不假滑
R+Co Television Perfect [三R] 不吸收
	
护发油、精华：
Moroccanoil [三R] 没啥用
Kérastase Elixir Ultime Hydrating Hair Oil [三R] 没啥用
Kérastase Initialiste Scalp & Hair Serum [三R] 没啥用
	
防脱：
Klorane Keratin Strength Fortifying Spray [三R] 难闻但有用
	
沐浴液：
Molton Brown Bath & Shower Gel [四R] 香味好
Aesop Body Cleanser [四R] 香味好",https://www.xiaohongshu.com/explore/677b0ad70000000001009f6a?xsec_token=ABlhHdQ1Mc-mQW5nVSZBPVxU6K1tSkOLHkgLrHWLRgHlg=&xsec_source=pc_search,5bea3ec4a0514600015ec499,Abby,2025-01-07T08:08:08+00:00,19.0,13.0,1.0,0.0,负向,"蓬但干, 洗不出好",2025-05-30T00:30:57.829682+00:00
livingproof,Living Proof,45,68099cdd000000001d01af96,normal,🍃2折清大油头救星！控油神器💥,"🇺🇸小众高端Living proof品牌下的全效丰盈蓬松洗发水
	
它能有效控油，解决头皮出油的烦恼，让头发回归清爽状态。🌞
	
止痒去屑功能，让头皮得以呼吸，不再受头痒困扰。🍃
	
更重要的是，这款洗发水还能带来蓬松的秀发效果，让你的发型看起来更加丰盈。💫
	
适合任何发质，尤其是油头的朋友们，能带给你前所未有的洗发体验。🌴
	
而且，现在参与活动，在骨折💰的同时再直降30，性价比超高！💥
	
别犹豫了，快来入手这款超赞的洗发水，让你每天都能轻松拥有清爽、蓬松的完美发型。😍
#控油洗发水[话题]##蓬松洗发水[话题]##livingproof洗发水[话题]##洗发水[话题]##小众好用[话题]# #洗发水控油蓬松[话题]# #缕灵洗发水[话题]# #缕灵丰盈蓬松洗发水[话题]# #livingproof缕灵[话题]# #livingproof蓬松洗护[话题]#",https://www.xiaohongshu.com/explore/68099cdd000000001d01af96?xsec_token=ABaYU8ioL4pMmxtAQl9i6PJv4QzbDbuqOYkDbm0-lvFGw=&xsec_source=pc_search,62790ce6000000001501745f,bellaaaa,2025-04-24T10:07:25+00:00,1.0,0.0,1.0,0.0,正向,"高端, 小众, 超赞",2025-06-07T20:43:39.601977+00:00
livingproof,Living Proof,46,682ad746000000000303dfa1,video,不会让你们失望的living proof洗发水🥰,"品牌方居然真的放出这个💰！
平常正装得200+
油头姐妹用了很多洗发水觉得不好用的
真的可以来试试！
	
里头添加了很多控油蓬松成分
专研的蓬蓬肽、蠕虫叉红藻提取物、尾穗苋籽肽...
还是氨基酸表活
泡沫绵密，温和带走油脂
原来头包脸可以这么快乐😁
#防脱控油洗发水[话题]# #油头洗发水[话题]# #看得见的肽蓬松力[话题]# #哪种洗发水好用[话题]# #livingproof洗发水[话题]# #缕灵丰盈蓬松洗发水[话题]# #Livingproof缕灵[话题]# #缕灵洗发水[话题]# #修复洗发水[话题]# #控油蓬松洗发水[话题]#",https://www.xiaohongshu.com/explore/682ad746000000000303dfa1?xsec_token=ABCGEbl9BCM0y-JF9YbnnHe2J89Ze5tRaXtUsylHvBZOc=&xsec_source=pc_search,62e8b5ab000000001501ae8e,小甜蜜丸子,2025-05-19T15:01:26+00:00,1.0,1.0,1.0,0.0,正向,"控油能力感人, 水光绸缎发靠它了, 温和带走油脂, 泡沫绵密",2025-06-07T20:43:39.601977+00:00
livingproof,Living Proof,47,682d58e100000000210056cc,normal,近期购物分享（二）,"#小众护肤[话题]# #纯净护肤[话题]# #爱用好物[话题]# #木质香[话题]# #身体护理[话题]#
#my[话题]# organics #livingproof[话题]# #欧舒丹干发喷雾[话题]#
#伊索[话题]# #Aesop[话题]#
#lelabo[话题]# #byredo[话题]#",https://www.xiaohongshu.com/explore/682d58e100000000210056cc?xsec_token=AB4oRsS-cqsN6M5T-Ei2H8CbCF-MornkOp0i1x3TG6uf4=&xsec_source=pc_search,5a0bcc434eacab3a2f928e1e,zxcvbnm,2025-05-21T12:38:58+00:00,2.0,0.0,0.0,0.0,正向,"丰盈, 增体积",2025-05-30T00:30:57.829682+00:00
livingproof,Living Proof,48,6837058d000000002100dcf6,video,洗出高楼大厦🌴般的高颅顶！！,"能把细软塌头发立起来的洗发水
不得不提到他们家的蓬蓬肽黑科技
是真🐮哇
🇺🇸进口的沙龙洗护
真的有在好好研究控油！
	
#洗发水控油蓬松[话题]# #控油蓬松[话题]# #油头救星[话题]# #livingproof洗发水[话题]# #缕灵丰盈蓬松洗发水[话题]# #缕灵洗发水[话题]# #livingproof缕灵[话题]# #洗发水推荐[话题]# #控油洗发水[话题]# #油头洗发水[话题]#",https://www.xiaohongshu.com/explore/6837058d000000002100dcf6?xsec_token=AB9UKqqLPYkvnP8AbAvg0sm4eKkEymDPHaqiomrwHhw6o=&xsec_source=pc_search,62790ce6000000001501745f,bellaaaa,2025-05-28T20:46:05+00:00,2.0,0.0,0.0,0.0,正向,"蓬蓬肽黑科技, 真🐮, 控油蓬松",2025-05-30T00:30:57.829682+00:00
livingproof,Living Proof,49,67cd742a000000000d01572d,normal,洗发水测评第二弹—Living proof,"1️⃣香味：很厚重的橘子皮味，还有药味的混合，有点怪怪的
2️⃣清洁力度：一般，有点洗不干净的感觉
3️⃣蓬松程度：一般，还是贴头皮塌塌的
4️⃣控油程度：一般，可以坚持一天半
	
🌟是否回购：否
	
🟠主包发质：细软塌，偏油，头皮屑不多
	
#洗发水测评[话题]# #油头[话题]#",https://www.xiaohongshu.com/explore/67cd742a000000000d01572d?xsec_token=ABFBmZC-q8r8IH2HCDMAiru97Jj1lN2Z9VZT6rtdI1Bgw=&xsec_source=pc_search,5deed6e00000000001003094,我要睡大觉,2025-03-09T21:21:20+00:00,3.0,0.0,0.0,0.0,负向,"怪怪的, 一般, 洗不干净, 贴头皮, 塌塌的, 可以坚持一天半",2025-05-30T00:30:57.829682+00:00
livingproof,Living Proof,50,670fc1630000000016022c16,normal,Living Proof蓬松喷雾到底要怎么才能蓬松？,"喷完比三天没洗的油头还要油
黏在一块儿到底怎么蓬松？
香精味熏得脑仁儿疼
直接扔
btw，洗发水还是很好用的
（编辑一下避免误伤，这是定型喷雾，但确实香精味太重非常熏，二是也确实很油）",https://www.xiaohongshu.com/explore/670fc1630000000016022c16?xsec_token=ABsjSU3X3GJVbbJ186UWyFu8haxx68Yp9Ft4JEh4ccTws=&xsec_source=pc_search,566d9ccbb8ce1a522f4b8479,阿拉丁,2024-12-06T18:03:04+00:00,20.0,11.0,38.0,3.0,负向,"香精味熏, 很油",2025-06-07T20:07:59.707381+00:00
livingproof,Living Proof,51,65eeb78900000000130278c9,normal,用了不想换 | 干枯油扁塌有救了,"-
作为一个发根扁塌 发尾干的人在洗发用品的挑选上真的很挑剔，早上洗下午就贴头发，发尾又干枯打结，整个人精致度大打折扣，Living proof缕灵的这两款产品就能完美解决的我的问题。
	
Living proof缕灵丰盈蓬松洗发水
细软塌的本命洗发水
来自麻省理工的研发团队，内含科技“蓬蓬肽”，能够深入发芯，增加头发弹性。第一次用的时候就有被惊艳到，洗完没有用吹风机吹，自然干的情况下，头发依然很蓬松，感觉发根都是立起来的，一点也不塌！而且2-4天发丝都可以一直持续保持蓬松丰盈的状态。透明的啫喱质地，起泡很丰富，洗完发根清爽，整个人都轻松了。而且控油的同时不会干涩，特别温和。味道是清新的果香，留香很持久，氛围感直接拉满！！很适合细软塌的宝子。
	
Living proof缕灵养发真丝瓶
这款养发精华乳简直是发丝干枯毛燥的救星，懒人福音。
修复肽复配氨基酸的营养成分，能够很好形成发丝保护膜，牢牢包裹住发丝，给我们的每根秀发都补充营养，加倍修护力，用一次就看得到效果。关键是免水洗太方便了，干发湿发都能用。偏乳液的质地很清爽，睡前一抹随便抓一抓就吸收了，不会有油腻感，也不用担心沾枕，还有淡淡的香味伴着入眠，隔天起来头发就像刚抹上精华乳一样，依旧顺滑有光泽，边睡觉边养发谁不爱！
	
#蓬蓬肽增粗发芯[话题]# #多肽修护发芯[话题]##养出丝缎发[话题]##护发心得分享[话题]##护发养发[话题]##livingproof缕灵[话题]# #livingproof洗发水[话题]# #livingproof养发真丝瓶[话题]#  #头发护理[话题]# #记录生活[话题]# #笔记灵感[话题]# #浪漫生活的记录者[话题]##好物分享[话题]# #爱用物分享[话题]#  #洗发水控油蓬松[话题]#",https://www.xiaohongshu.com/explore/65eeb78900000000130278c9?xsec_token=ABfZCLK-y_DugiBurY69YGyt5iRdaFcEs3Jmpvju-M6kE=&xsec_source=pc_search,567eab3c6a6a694322e458e2,梨梨梨子,2024-03-12T14:10:25+00:00,63.0,22.0,10.0,3.0,正向,"惊艳, 清爽, 温和, 持久, 顺滑, 有光泽",2025-05-30T00:30:57.829682+00:00
livingproof,Living Proof,52,683a99820000000003038a62,video,爱染烫的女生冲！这洗发水绝绝子！,"618活动直降150！！
#头发干枯干涩[话题]# #头发干枯毛糙[话题]# #头发护理分享[话题]# #洗发水红榜[话题]# #LivingProof每日圆满洗发水[话题]# #livingproof洗发水[话题]# #livingproof缕灵[话题]# #缕灵每日圆满洗发水[话题]#",https://www.xiaohongshu.com/explore/683a99820000000003038a62?xsec_token=ABLR7BhAbiCES_Hmf1oIe_o5HOAzkxmNFJUp0Y93b09Lg=&xsec_source=pc_search,62e8b5ab000000001501ae8e,小甜蜜丸子,2025-05-31T13:54:10+00:00,1.0,0.0,1.0,0.0,正向,"绝绝子, 蓬松喝饱水, 顺滑, 广告发质的那种效果, 杂志封面的效果",2025-06-07T20:43:39.601977+00:00
livingproof,Living Proof,53,682ab70b000000002100e68f,normal,油扁塌表示太炸裂。。可以用歹毒形容,"作为一个细软塌发质+大油头
谁能想到有洗发水能治它了？！
每天洗头不到一天就贴头皮的我
用完它头发不受地心引力控制了！
坚挺48+小时不是问题
颅顶增高！脸小一圈不是梦！
	
✅缕灵专研蓬蓬肽
麻省理工团队研发的OFPMA成分
3次使用发丝增粗4.22%！
发根立挺超持久
实测36小时不塌！
✅ 蠕虫叉红藻
阻隔油脂、空气污垢黏附
头发出油速度直接减半！
夏天戴口罩、挤地铁再也不怕粘腻啦！
✅ 复合氨基酸表活
保护头皮环境
不干涩不假滑
tuo发都少了～
	
🔥限时2⃣折❗只要79❗
（对比[桃子R]245💰，赢麻了！）
蓬松发量才是氛围感天花板！
79拥有一颗美女感脑袋，这波血赚！
	
#油头救星[话题]# #油头洗发水[话题]# #洗发水控油蓬松[话题]# #livingproof洗发水[话题]# #Livingproof缕灵[话题]# #缕灵丰盈蓬松洗发水[话题]# #受损发质洗发水[话题]# #修复洗发水[话题]# #洗发水去屑止痒控油蓬松[话题]#",https://www.xiaohongshu.com/explore/682ab70b000000002100e68f?xsec_token=ABCGEbl9BCM0y-JF9YbnnHe7dJFTdlPh78eJuO_lqsoa0=&xsec_source=pc_search,62790ce6000000001501745f,bellaaaa,2025-05-19T12:43:55+00:00,2.0,0.0,1.0,0.0,正向,"治它了, 头发不受地心引力控制, 坚挺48+小时, 颅顶增高, 脸小一圈, 发丝增粗, 发根立挺超持久, 不塌, 阻隔油脂, 空气污垢黏附, 头发出油速度直接减半, 不粘腻, 保护头皮环境, 不干涩不假滑, tuo发都少了",2025-06-07T20:43:39.601977+00:00
livingproof,Living Proof,54,655309af000000001100db26,normal,双十一买的最失败的东西-洗发水,"living proof！！！
你这么贵怎么还这么难用！！！
当初朋友看了我的购物车
特意把他圈出来建议我不要买避雷
我偏不信我偏要试一试
你才200多毫升一瓶洗发水价格就够买其他的牌子大瓶一套了
你都这么贵了
结果没什么泡沫
洗了长头屑
洗完第二天就油了
你怎么什么优点都没有啊！！！
为什么我的命中情定洗发水玛馨妮是日货啊
有没有和玛馨妮一样便宜大碗香喷喷洗完超蓬松的洗发水推荐啊[哭惹R]",https://www.xiaohongshu.com/explore/655309af000000001100db26?xsec_token=ABcWD6ziWlBDtmDFE-5cWCYp2kzWCJpV1aUGJQwo0p768=&xsec_source=pc_search,58b58b6f82ec396c3e0e94d2,每天一遍不想上班,2023-11-14T13:46:47+00:00,40.0,10.0,44.0,8.0,负向,"贵, 难用, 没泡沫, 长头屑, 第二天就油了, 没有优点",2025-05-30T00:30:57.829682+00:00
livingproof,Living Proof,55,655b82fa000000003203350b,normal,living proof护发素跌到200以下等于不要钱,"对头皮好一点 头发也能牢固一点
之前洗发水就很久没上架了
这回应该是货源充足
否则早就断货了
护发素就配给长头发的宝宝
油头短发可以不用
发根扁塌真的要试试它
头发蓬松了脸也能小一圈
	
它的确有黑科技 麻省理工研制
但黑科技不是变魔法 不要幻想到不切实际的程度
它能改善 但出油厉害的根源肯定还是身体调理
想长期解决油头
肯定还要早睡早起多喝水 balabala
如果换洗发水都解决不了 发根扁塌的话
真的不能怪洗发水了 要找找其他原因
	
另外就是不要买到假货
每天出门 还要做饭的话
最好还是2天一洗 买大瓶不心疼
	
#Livingproof[话题]# #黑科技[话题]# #輕鬆趕走扁塌髮根[话题]# #发根蓬松[话题]# #显脸小[话题]# #解决头皮头发所有问题[话题]# #发量惊人[话题]# #亚马逊海外购[话题]# #亚马逊[话题]# #每天洗头[话题]# #头发不油[话题]# #livingproof洗发水[话题]# #麻省理工[话题]# #Livingproof缕灵[话题]#",https://www.xiaohongshu.com/explore/655b82fa000000003203350b?xsec_token=ABbjaKshpVM7jlpcrrzlSlq9FVeycg4dqqonMOqFzvkgw=&xsec_source=pc_search,5bbb9bc94bcb9c0001dc7cbf,叫我酥心糖,2023-11-21T00:42:17+00:00,42.0,37.0,50.0,30.0,正向,"对头皮好, 头发牢固, 黑科技, 改善发根扁塌, 头发蓬松, 显脸小, 解决头皮头发所有问题, 发量惊人, 头发不油",2025-05-30T00:30:57.829682+00:00
livingproof,Living Proof,56,6808c35c000000001d023633,normal,任何人没试过缕灵我都会伤心💔的,"MIT研发的洗发水2折清仓！
油头/毛躁党速冲！
油扁塌的痛我太懂了😭
早上洗头下午就油成条形码
但！今天这波清仓必须按头安利！
Living Proof官网2折大漏！
正装洗发水79带走！
效期还有好几个月用完足够了
原本255！这价格错过真的要哭晕惹！
---
🔥 油塌星人闭眼入👉丰盈蓬松款
添加专研蓬蓬肽，细软塌也能拥有高颅顶！
🔥 炸毛暗哑救星👉每日圆满款
黑科技顺滑防护膜，喂饱干枯发重焕光泽！
---
美国高端小众黑科技洗护
都是无硅油氨基酸配方
min头也放心入手！
	
#看得见的肽蓬松力[话题]# #控油蓬松[话题]# #护发如护肤[话题]# #livingproof洗发水[话题]# #livingproof[话题]# #缕灵洗发水[话题]# #缕灵丰盈蓬松洗发水[话题]# #缕灵每日圆满洗护[话题]# #洗发水清仓捡漏[话题]# #细软塌洗发水推荐[话题]#",https://www.xiaohongshu.com/explore/6808c35c000000001d023633?xsec_token=ABUqEyatBfHcEoiu_lbguLkKjFxfy8sLzKGscBY_M5aos=&xsec_source=pc_search,62790ce6000000001501745f,bellaaaa,2025-04-23T18:39:24+00:00,6.0,0.0,1.0,0.0,正向,"丰盈蓬松, 顺滑防护, 重焕光泽",2025-06-07T20:43:39.601977+00:00
livingproof,Living Proof,57,65eeca6e000000000d00fcd7,normal,洗发水避雷,"今天不写推荐，今天写避雷。我最近就新买了一瓶洗发水叫living proof买的时候做了很多功课很多人都说好用，说洗完头发很蓬松油头一定要尝试，我尝试了，用的时候我就觉得奇怪为什么这个洗发水没有什么泡沐的，我想可能是贵价洗发水就是这个样子的吧，不需要很多泡沐也可以把头洗干净，洗蓬松。
	
第二天到了中午的时候，我的头就已经开始油了，油的可以去炒一盆菜了，它的宣传页上是这么敢写告别扁塌，长效蓬松的，它可是让我变成了扁塌，并没有变成蓬松。你主页上写了一堆高科技什么复合氨基酸表活，什么蠕虫叉红藻提取物，为什么没有在我的头上发挥作用。这瓶洗发水的唯一优点就是味道还挺好闻的，除此之外没有了。
	
我是不知道你是为什么敢买这么贵，还在我头上一点用处都没有的，重点是我还退不了货，我心痛我的两百多块钱 。
	
竟然有这么厉害的品牌背书，创始人也这么牛逼，为什么不能把产品在做到更好一点呢？产品好才是品牌能持续走下去的原因，消费者愿意为好的产品买单。
	
还有问一些大家有没有好的洗发水推荐，可以推荐一下给我，让我来尝试，给大家避避雷
	
昨天出了一个乌龙，可能太生气了，气我的钱回不来，忘记仔细看照片拍的是洗发水还是护发素了，今天两个都拍上来告诉大家我两个都有。
#洗发水[话题]# #洗发水避雷[话题]# #大学生[话题]# #避雷[话题]#",https://www.xiaohongshu.com/explore/65eeca6e000000000d00fcd7?xsec_token=ABbpIcJrdtgabhMdUEmOtJXAjJY7OHC1m5K6ldflNcELg=&xsec_source=pc_search,5d36f7770000000012031dd0,bp,2024-03-11T17:10:07+00:00,18.0,6.0,14.0,2.0,负向,"油头, 扁塌, 味道好闻",2025-05-30T00:30:57.829682+00:00
livingproof,Living Proof,58,67b5e705000000002602e08b,normal,哦谢 这个干发喷雾,"坏消息：给我干成邪恶老奶了
好消息：头发变得非常蓬松，而且香香的[自拍R]
#干发喷雾[话题]# #蓬松喷雾[话题]# #免洗喷雾[话题]# #Living[话题]# Proof",https://www.xiaohongshu.com/explore/67b5e705000000002602e08b?xsec_token=ABzoL9Qg2vzfsPqgAa06odvX9QcuHQtMRt7EZAQ2qAa0M=&xsec_source=pc_search,5e94ece20000000001000c21,楠的精神很脆弱😗,2025-02-19T22:13:25+00:00,48.0,1.0,5.0,1.0,正向,"蓬松, 香香的",2025-06-07T20:07:59.707381+00:00
livingproof,Living Proof,59,682eb413000000000f031ab2,video,册那‼️打到79💰！官方200+没下来过。。,"谁懂！缕灵蓬松的效果让我服的透透的！
不是拔干的单纯去油
而且带有轻盈水润感的蓬松！
头皮巨清爽 头发根根分明！
	
挤出来是流动性很强的啫喱质地
很高级的清香～
洗完三天 发丝还带着若有若无的香气
这个折扣性价比拉满了！保税仓发的！
	
#livingproof洗发水[话题]# #Livingproof缕灵[话题]# #洗发水控油蓬松[话题]# #缕灵丰盈蓬松洗发水[话题]# #养发高端局[话题]# #洗发水去屑止痒控油蓬松[话题]# #洗发水618[话题]# #进口洗发水[话题]# #头发油用什么洗发水[话题]#",https://www.xiaohongshu.com/explore/682eb413000000000f031ab2?xsec_token=ABG30OPiP0GB2HgEzamJQZtDVasBcWudewRHJK1C5aJeA=&xsec_source=pc_search,62e8b5ab000000001501ae8e,小甜蜜丸子,2025-05-22T13:20:19+00:00,0.0,0.0,1.0,1.0,正向,"高级, 清香, 性价比高",2025-05-30T00:30:57.829682+00:00
livingproof,Living Proof,60,68197e0f000000000f03a801,video,官网255💰。。好大的羊毛！,"克细软塌油头先天圣体！！
🇺🇸黑科技洗发水还是🐮
这个💰抢到就赚！
#livingproof洗发水[话题]# #Livingproof缕灵[话题]# #Livingproof丰盈蓬松洗发水[话题]##洗发水控油蓬松[话题]# #细软塌洗发水[话题]#  #缕灵丰盈蓬松洗发水[话题]# #洗发水羊毛[话题]# #洗发水清仓捡漏[话题]#",https://www.xiaohongshu.com/explore/68197e0f000000000f03a801?xsec_token=ABZC-t2xe5eDD2MNCXcQGPnUbIZyW-ZijtQk7AWc6bLqw=&xsec_source=pc_search,62e8b5ab000000001501ae8e,小甜蜜丸子,2025-05-06T11:12:15+00:00,1.0,0.0,1.0,0.0,正向,"黑科技, 羊毛, 赚",2025-06-07T20:07:59.707381+00:00
livingproof,Living Proof,61,669f456f000000000d00de6d,normal,不说了，没想到这年头还有这么🐮的淘宝c店——,"起因：7月18日在 桃生活店铺 桃生活DoraLife店铺购买了一瓶Living Proof丰盈护发素，20号包裹放在家门口 （21号实际签收），收到包裹没有任何问题，产品没有塑封 没有外盒，就一瓶护发素 收到是P2情况，由于自己的淘宝账号被禁言了，固换了男朋友的淘宝账号去联系客服沟通情况。
过程：用男友账号联系店铺客服讲明情况，发送了订单编号和产品订单截图 以及收到货的产品污浊图片P3 P4；今天上午着急出门，随手拍了几张产品的大概图 继续联系客服P5P6～。
该客服态度很差，直接质疑我拿了其他产品换货了。客服说仓库高清发货视频，那你们应该也能看得到发货的时候产品是否有污浊吧，直接一上来就质疑消费者拿了假货去换，态度恶劣 不进行有效处理；我的账号被禁言了， 所以就无法处理售后了对吗。可以理解更换账号去沟通售后 造成的不便，上面我也跟客服说了账号的问题，但是实在是客服态度太恶劣，好好沟通解决问题就可以 直接质疑消费者更换产品处理售后；没想到这年头还有这么牛的淘宝店铺，得罪不起了好吗  远离远离#淘宝c店[话题]# #桃生活DoraLife桃生活店铺[话题]# #购物[话题]##避雷[话题]##店铺真假[话题]##私藏店铺[话题]##凝哥是个小仙女[话题]#",https://www.xiaohongshu.com/explore/669f456f000000000d00de6d?xsec_token=AB1mB33JAcWFTHwNoFMGumCGN-D7xYsGoaKws1EIHN17c=&xsec_source=pc_search,5b7f8a21c6340c00014b7626,Lazy.,2024-07-23T13:59:27+00:00,11.0,5.0,32.0,11.0,负向,"污浊, 没有塑封, 没有外盒",2025-05-30T00:30:57.829682+00:00
livingproof,Living Proof,62,67d2aee8000000000e007211,normal,黑科技洗护品牌｜Living Proof低价处理ing！,"由麻省理工学院科学家团队研发
好莱坞明星造型师参与设计
用科学和专利技术解决棘手的护发难题
LP拥有20多项专利技术
荣获了130多项国际大奖
里面的黑科技-OFPMA（健康头发因子） 专利成分
能够在头发上形成一层控油保护膜
可以有效对抗油垢、灰尘和湿气
防止头发毛躁，从而保护头发健康
	
四大明星产品：
✨丰盈蓬松控油洗发水、护发素
适合细软扁塌发质、易出油发质
✨免洗干发喷雾
油头应急法宝！30秒去油！
不爱洗头又爱出油的宝宝必备！
懒人必备！
月子麻麻不方便洗头必备！
✨反重力丰盈喷雾
拯救扁塌，拯救细软发质
拯救贴头皮！
喷上后肉眼可见头发变蓬松！
✨蓬松发根增厚喷雾
蓬松发根，增厚发丝，打造高颅顶
他家的密法元气乳也是个好东西
易脱发宝宝真的可以试试
自带按摩头真的超舒服！
	
Living Proof 是全系列无硅油护发品牌
市面上其他护发品牌宣传无硅油
其实只有部分洗发水是无硅油
而护发素、发膜、护发精油等产品依然添加硅油成分
	
Living Proof全线产品不仅均不含硅油
而且不会像传统无硅油洗发水一样洗完后干涩
它是通过可替代硅油的""隐形雨衣""因子OFPMA
不仅能控油还能防尘防毛躁，形成轻盈保护膜
不管你是细软塌还是发质受损
living proof都有对症下药的产品
他家喷雾更是可以直接闭眼入！
#洗发水[话题]#  #打造高颅顶[话题]#  #控油洗发水[话题]#  #去油神器[话题]#    #干发喷雾[话题]#  #livingproof[话题]#  #livingproof缕灵[话题]#  #缕灵干发喷雾[话题]# #蓬松洗发水[话题]# #脱发救星[话题]#",https://www.xiaohongshu.com/explore/67d2aee8000000000e007211?xsec_token=ABnTuCsXNC8OK2jsgUQ2B88bG60L3qUxc7fQ5o25uPjXI=&xsec_source=pc_search,60abed97000000000101e0e4,Camellia山茶花,2025-03-13T18:09:45+00:00,2.0,1.0,0.0,3.0,正向,"易脱发宝宝适用, 自带按摩头, 超舒服",2025-06-07T20:43:39.601977+00:00
livingproof,Living Proof,63,64ef1b59000000001500bee6,normal,精简生活，复购代替挑选，可是…..,用了五年living proof的volume了，能满足自己最基础的要求，蓬松不伤发，每天洗发不会涩，不掉发，头发也有光泽。可是每次囤洗发水的时候就想着是不是换一换，然而买回来用几天又换回living proof。人真奇怪，明明已经找到最合适的了，又总想着去找那个不合适的，哪怕试试也好。所以到底有没有一款差不多效果的洗发水换着用呢[微笑R]#livingproof[话题]##洗发水[话题]##蓬松[话题]#,https://www.xiaohongshu.com/explore/64ef1b59000000001500bee6?xsec_token=AB3iZ0GU9dpZQJECnqscPInPz5PVN2R2YLjka-Z6eY4N4=&xsec_source=pc_search,56755ff16a6a6930c0a6e60e,迷恋Tiziano,2023-08-31T09:39:00+00:00,3.0,2.0,5.0,0.0,正向,"蓬松, 不伤发, 光泽, 合适",2025-05-30T00:30:57.829682+00:00
livingproof,Living Proof,64,6809a8f6000000001201d022,video,对living proof真的是相见恨晚呀👍,"超级超级控油蓬松的洗发水
对各种发质都适用！因为它是氨基酸温和清洁
还有增粗保护发丝的效果[赞R]
头皮环境是发质好不好的关键
这个💰真的不容错过‼️
	
#livingproof洗发水[话题]# #护发养发[话题]# #控油蓬松[话题]# #油头洗发水[话题]# #洗发水去屑止痒控油蓬松[话题]# #缕灵洗发水[话题]# #缕灵丰盈蓬松洗发水[话题]# #细软塌洗发水[话题]# #蓬松洗发水推荐[话题]#",https://www.xiaohongshu.com/explore/6809a8f6000000001201d022?xsec_token=ABaYU8ioL4pMmxtAQl9i6PJt4oPymfc8MiroDrS3XqPaU=&xsec_source=pc_search,62e8b5ab000000001501ae8e,小甜蜜丸子,2025-04-24T10:59:02+00:00,5.0,3.0,1.0,1.0,正向,"控油, 蓬松",2025-06-07T20:07:59.707381+00:00
livingproof,Living Proof,65,64f3fd980000000020002935,normal,⚠️避雷针：超难用的油头洗护没有之一,"救命🆘！没有用过的产品绝不乱讲话。
这次真的有点出离愤怒。油头真的千万不要买，踩雷踩得稳稳的。
	
一生油头所以一直在寻找好用的洗发水，什么叫好用？要求不高：
👉洗完吹干要有清爽轻盈感
👉有没有#高颅顶[话题]# 我不在乎！但至少1.5-2天不用洗头。
	
几星期前被小红书种草到Living proof这款洗发水➕护发素。立马奔到Sephora洗发水护发素配齐两瓶60欧，用了半瓶不到：就这⁉️⁉️
每次洗完不仅没有清爽轻盈的感觉，尤其是护发素真的怎么冲都感觉没冲干净，连假滑都不舍得给我感受一下。而且用超市买4-5欧的欧莱雅卡尼尔至少也是第二天中午才感觉开始油，结果用了这以后可以迅速达到“早上洗头，下午四五点就闻到自己头皮的味道”请问是认真的吗？
	
还要吐槽开口设计，不能好好按个泵头非整些花里胡哨的，每次洗澡洗头光着身子使出吃奶的劲儿挤压瓶身才能搞出来。讲真 @Living proof缕灵 到底有没有在好好做产品？还是尽花💰作推广了？产品真的有找目标消费者做过test？如果样本低于40个我只能说谢谢您慢走不送。这样一瓶卖30欧真的疯了！[石化R][石化R] 唯一大概就是味道不难闻。
	
吐槽归吐槽，下回给#油头[话题]# 们推荐好用的洗发水！
	
#油头[话题]# #油头洗发水[话题]# #控油洗发水[话题]# #洗发水推荐[话题]# #洗发水测评[话题]#",https://www.xiaohongshu.com/explore/64f3fd980000000020002935?xsec_token=ABEMHrPnjqKlIZn2dof8Mqt45TdLIHLhl-rsM7Bc7me0w=&xsec_source=pc_search,5ad78e0fe8ac2b29567c6978,24年的拉菲,2023-09-03T12:44:48+00:00,6.0,0.0,1.0,4.0,负向,"难用, 设计不合理, 价格高",2025-05-30T00:30:57.829682+00:00
livingproof,Living Proof,66,65b71d04000000000c004571,normal,油扁塌冲它就完事了！高颅顶轻松get！,"细软塌+大油头真的很爱living proof缕灵.这组丰盈蓬松护发cp！空瓶贼多次了！
不吹不黑 它的控油蓬松度大油头用完感觉头皮都在呼吸！除了有点小贵 真的没毛病！
	
⚪缕灵丰盈蓬松洗发水
透明啫喱质地 上头轻松就能搓出丰富细腻的泡沫
洗完头皮贼清爽！
发丝根根分明 有种被支棱起来的感觉！
吹干就能轻松get高颅顶头发看起来丰盈蓬松！
从视觉上看发量翻倍！
	
⚪缕灵丰盈蓬松洗发水
因为经常染烫发丝受损难免会有些毛躁干枯
搭配同款护发素使用 深层修护受损发丝
丝滑奶冻质地 一冲即净
洗完头发一梳到底 顺滑有光泽
这一套搭配使用下来
头发蓬松柔顺发丝还带着清新的果香
大油头坚持个三天不在话下！而且发丝越用用越强韧！
#控油洗发水[话题]##控油蓬松洗发水[话题]##洗发水推荐[话题]##护发养发[话题]##细软塌发质[话题]##细软塌必入蓬松洗发水[话题]##洗护好物[话题]##浴室好物[话题]##小众洗护[话题]##浪漫生活的记录者[话题]##提升幸福的小物[话题]##宝藏个护ontime[话题]##油头救星[话题]##livingproof缕灵[话题]##livingproof洗发水[话题]##livingproof护发素[话题]##看得见的肽蓬松力[话题]#",https://www.xiaohongshu.com/explore/65b71d04000000000c004571?xsec_token=ABbhs_YrrEBbQi3MAExv9fuRql9gYRwrYcwlEsOr3mLNk=&xsec_source=pc_search,5a3b36584eacab5bd2aa36ac,WHERE.呱呱的主人,2024-01-29T11:35:33+00:00,66.0,39.0,24.0,3.0,正向,"控油蓬松, 清爽, 顺滑有光泽, 强韧",2025-05-30T00:30:57.829682+00:00
livingproof,Living Proof,67,680f1f5a000000000b015a1d,video,🇺🇸进口超棒的洗发水！洗的干净蓬松！,"这个羊毛不薅亏大啦！
原本两三百的日常💰哦～
直接清到底裤‼️
冲冲冲[购物车R]
#氨基酸洗发水[话题]#  #哪种洗发水好用[话题]# #控油蓬松[话题]# #洗发水控油蓬松留香[话题]# #洗发水女[话题]#  #livingproof洗发水[话题]# #缕灵丰盈蓬松洗发水[话题]# #缕灵每日圆满洗护[话题]# #livingproof缕灵[话题]# #滋养头皮洗发水[话题]#",https://www.xiaohongshu.com/explore/680f1f5a000000000b015a1d?xsec_token=ABn4Qh_ad48nBQ_z2gbCtaFALm0-v1jJ9AfiEkRBlwoK0=&xsec_source=pc_search,62e8b5ab000000001501ae8e,小甜蜜丸子,2025-04-28T14:25:31+00:00,1.0,0.0,0.0,0.0,正向,"超棒, 干净蓬松, 巨蓬松, 巨清爽",2025-06-07T20:07:59.707381+00:00
livingproof,Living Proof,68,68408ece00000000230159b1,normal,我天啊！三天没洗头还能支棱成蒲公英头！,"家人们！谁懂细软塌的痛啊！每天洗头还是贴头皮，直到挖到Living Proof缕灵这套洗护，直接给我拿捏住了！
咱就是说，这蓬蓬肽真的牛！尾穗苋籽提取物就像给发根装了空气弹簧，洗完头顶直接支棱成蒲公英，一次洗护能蓬48小时 ，洗三次发丝直接增粗4.22% ！细软塌秒变高颅顶美女，发缝都能隐形，绝了！
还有这蠕虫叉红藻提取物，对敏敏头太友好啦！强韧发丝减少断发，舒缓头皮，油敏头狂喜 ，还能抗🐑化，抗住紫外线和污染，一整个绝绝子！
护发素更是枯发救星！植烷三醇锁水、强韧、促渗透三合一，炸毛、干枯受损发质用了直接丝滑到能滑滑梯 。油头、细软塌、想搞高颅顶的姐妹，信我！用这套直接从“贴脸枯草”逆袭“空气感美女” ，油头姐妹闭眼冲，三天不洗头还能支棱，谁用谁香！
#LivingProof[话题]##缕灵[话题]# #细软塌救星[话题]# #油头洗护[话题]# #高颅顶洗发水[话题]# #护发干货[话题]##爱用好物[话题]#",https://www.xiaohongshu.com/explore/68408ece00000000230159b1?xsec_token=ABrDrYMv9Ymt6s2Gc39V3sw1OGUnNbCji5okc7slv6GtQ=&xsec_source=pc_search,619f14be0000000010006983,一个密密,2025-06-05T02:22:07+00:00,40.0,0.0,0.0,0.0,正向,"拿捏住了, 牛, 友好, 强韧, 舒缓, 抗🐑化, 抗住紫外线和污染, 绝绝子",2025-06-07T20:43:39.601977+00:00
livingproof,Living Proof,69,660a5cf4000000001a0157d4,video,精致女生的晚间洗护～告别油腻 元气满满！！,#沉浸式[话题]# #洗澡[话题]# #洗护[话题]# #护发好物[话题]# #身体护理[话题]# #浪漫生活的记录者[话题]# #解压[话题]##livingproof缕灵[话题]# #livingproof养发真丝乳[话题]# #氛围感[话题]# #livingproof洗发水[话题]# #livingproof[话题]# #蓬蓬肽增粗发芯[话题]# #多肽修护发芯[话题]# #养出丝缎发[话题]#,https://www.xiaohongshu.com/explore/660a5cf4000000001a0157d4?xsec_token=AB56GR2dRSrQRM2EhDGh90yY5sa9L5qjf0-SmS88X_ZZ8=&xsec_source=pc_search,5bfe48cbf02e360001bbe759,一顿能吃三碗饭,2024-04-01T15:36:04+00:00,206.0,86.0,130.0,5.0,正向,"蓬松, 细软, 香味好闻, 温和, 深层滋养",2025-05-30T00:30:57.829682+00:00
livingproof,Living Proof,70,683f071f000000002102d5ff,normal,爱出汗的发量王者如何过夏天？,"我真的太不喜欢初夏这个闷热天气了，昨天晚上洗了头，早上起床的时候后脑勺就湿透了，出完汗的头发出油速度简直了。总结几个夏天洗头方法：
【头皮预洗】我会用到缕灵的预洗头皮护理液，容易脏的头顶和爱出汗的后脑勺部分一定要按摩带到，静待5分钟再洗掉。
【洗发】洗发水尽量多搓一点泡沫，多搓2分钟，不要抹上泡沫就冲掉了，揉搓到全部头皮，这样头发能油的慢点。沙发人士一定要用护发素，不要带到头皮，容易过敏。最近在用的这套缕灵很适合夏天，洗后颅顶非常蓬松。
【吹干】用毛巾尽可能擦干头发再吹风，有看到过干发巾包头包久了会油得更快的说法，先吹后脑勺的头皮部分，可以吹干得更快，夏天吹热风真的要热惨。
【洗后护理】我会在吹干的过程中停下来在发尾摸一点护发精油，这款卡诗紫瓶很适合沙发，不过细软塌就要慎用了，容易吹不干。吹干头发后，我会在头顶喷一点馥绿德雅的头皮精华液，里面应该有薄荷，凉凉的夏天用很舒服。
#livingproof[话题]# #缕灵[话题]# #缕灵洗发水[话题]# #爱出油的头发[话题]# #蓬松洗发水[话题]# #控油蓬松[话题]# #睡一觉头发就油了[话题]#",https://www.xiaohongshu.com/explore/683f071f000000002102d5ff?xsec_token=ABgWoLliso_VxiFBwBCoSPHoiUa1nXZfPubHRQcKZUjf4=&xsec_source=pc_search,5ace085c11be1038fa8861b8,LSC,2025-06-03T22:30:55+00:00,7.0,1.0,5.0,5.0,正向,"适合夏天, 洗后颅顶非常蓬松",2025-06-07T20:07:59.707381+00:00
livingproof,Living Proof,71,683aa08f00000000210002f9,normal,油头一定会爱上的洗发水！简直是灵魂spa！,"洗头洗的根本不是干净，是那种头皮会呼吸的爽感！是发根炸毛的蓬松感！是吹完头发发量翻倍的氛围感！还有...被高级香腌入味的治愈感啊啊啊！
	
缕灵蓬松洗发水，真的给我拿捏住了！！
肽填充科技+ 尾穗苋籽提取物的组合，绝了！
一泵下去，泡沫绵密得像云朵钻进发缝！那个味道！舒服的高级沙龙香混合着清爽的果木香，太治愈啦！
浴室瞬间变成高级SPA现场！深吸一口，烦躁直接拜拜👋🏻做梦都是香的！🌲💤
	
洗完的蓬松度...我真的跪了！
颅顶直接平地起高楼！不是那种干涩的炸毛，是空气感十足的蓬松！发根duang duang的，感觉风都能穿过去！
	
一缕灵光，蓬松到顶！
油头扁塌、细软塌的姐妹，信我！冲这一套！洗感、蓬松度、香味治愈感三重暴击，直接给你头发的春天！！
	
而且现在618活动！2折！！！性价比超高！
	
#香香的洗发水[话题]##洗发水[话题]##十大公认最好的洗发水[话题]##控油蓬松[话题]# #女生洗发水[话题]##大油头洗发水[话题]# #livingproof洗发水[话题]# #Livingproof缕灵[话题]# #缕灵丰盈蓬松洗发水[话题]# #细软塌救星[话题]#",https://www.xiaohongshu.com/explore/683aa08f00000000210002f9?xsec_token=ABLR7BhAbiCES_Hmf1oIe_o5yNgBa32OjLeaxV5yTl2og=&xsec_source=pc_search,62790ce6000000001501745f,bellaaaa,2025-05-31T14:24:16+00:00,3.0,0.0,1.0,0.0,正向,"拿捏住, 绝了, 治愈",2025-06-07T20:43:39.601977+00:00
livingproof,Living Proof,72,65d23f2700000000010294a6,video,沉浸式消耗｜补货1️⃣3️⃣,#28天城墙皮养成[话题]# #livingproof洗发水[话题]# #油皮洗发水推荐[话题]# #蓬松洗发水[话题]# #sk2大红瓶面霜[话题]# #小迷糊洁颜蜜[话题]# #囤货消耗[话题]# #好物分享[话题]# 今天有好登西和老朋友～今天去逛专柜了，知道自己试用什么色号粉底了好开心[害羞R],https://www.xiaohongshu.com/explore/65d23f2700000000010294a6?xsec_token=AB-tZlZiLxK73SwtnevZikEpwZ5MAjFwOXIOQIN7fQIxs=&xsec_source=pc_search,58e4eded5e87e752cf726308,晚上夜宵别叫我,2024-02-19T01:32:24+00:00,15.0,1.0,0.0,0.0,正向,"控油, 蓬松",2025-05-30T00:30:57.829682+00:00
livingproof,Living Proof,73,67c5a890000000000d017efa,normal,产后三个月漂发护理产品实测,"威娜夜间精华乳：自己使用下来并没有感觉发丝很顺滑，但是对修复断发挺不错的，漂完断发情况减少很多
缕灵免洗护发乳：一般 无功无过
k18免洗发膜：传闻对漂发可以起到深度修复，其核心成分是k18肽，是一种仿生肽，能够深入修复头发角蛋白结构，可能需要长期使用，目前使用两次，效果还没有特别明显
epres修复液：会回购的产品。浓浓的精华包裹头发过夜，心理层面起到了很好的安慰作用
philipb头皮预洗精华：听到精华就走不动道，虽然洗头步骤会麻烦了点，但我的产后脱发没有很严重，不知道和这个有没有关系
olaplex4号5号:漂发必入，已经是家里囤货了#护发养发[话题]# #头皮精华[话题]# #护发心得分享[话题]# #干枯毛躁好物[话题]# #护发如护肤[话题]# #洗护[话题]# #护发好物[话题]# #护发养发头发护理[话题]# #自己在家漂发[话题]#",https://www.xiaohongshu.com/explore/67c5a890000000000d017efa?xsec_token=ABEPYSviA9itOCtC4wclvr0nBNDLM_zf5UhY0lArfxcPY=&xsec_source=pc_search,61e03b0a0000000021020fec,玉米粒,2025-03-03T21:04:07+00:00,203.0,59.0,13.0,4.0,中立,"一般, 无功无过",2025-05-30T00:30:57.829682+00:00
livingproof,Living Proof,74,683ecf0e000000000303f970,video,不愧是麻省理工的高颅顶神器。。,"两款都非常非常蓬松！
一款适合油头
一款适合中/干性发质
	
都是那种去油不去水的控油蓬松
发丝依旧保持水润
但头顶平底起高楼！
	
#livingproof洗发水[话题]#  #缕灵丰盈蓬松洗发水[话题]# #缕灵每日圆满洗发水[话题]# #洗发水控油蓬松[话题]# #细软塌[话题]# #Livingproof缕灵[话题]# #洗发水红榜[话题]# #控油洗发水[话题]# #高颅顶洗发水[话题]#",https://www.xiaohongshu.com/explore/683ecf0e000000000303f970?xsec_token=ABOqa5WyXt2R6q6wtXU4oQ4gG2XU-wjll6pNRhG91lJUY=&xsec_source=pc_search,62e8b5ab000000001501ae8e,小甜蜜丸子,2025-06-03T18:31:43+00:00,0.0,0.0,1.0,0.0,正向,"蓬松, 控油, 水润, 高颅顶",2025-06-07T20:07:59.707381+00:00
livingproof,Living Proof,75,67cd91cf000000002a00eb9e,normal,好用生发油，拯救头发焦虑🌟,"最近真的被掉发、还有白发搞得心态爆炸💥前阵子试了几个产品都没啥效果，心累😭今天逛到Living Proof新出的生发油，据说三个月就能增发还能减少白发，打算试一试💖
✨第一天打卡，味道也蛮自然的～喜欢的一点是吸收很快！不油腻 期待效果吧~
有没有姐妹也在用这款？来交流心得
#脱发救星[话题]#
#LivingProof[话题]# #生发油打卡[话题]# #头发护理[话题]# #拯救发际线[话题]#",https://www.xiaohongshu.com/explore/67cd91cf000000002a00eb9e?xsec_token=AB_3cc7Qb9BWNQ5GIJPHpS4SERkBCW9rFPd8gdd8bvNL8=&xsec_source=pc_search,6389be6b000000001f01d82b,Almira G,2025-03-09T21:04:16+00:00,10.0,4.0,5.0,1.0,正向,"味道自然, 吸收很快, 不油腻",2025-06-07T20:07:59.707381+00:00
livingproof,Living Proof,76,681df05c0000000021003817,video,Vlog| 好物分享,"这是一期花钱vlog，最近入手了：
文石leaf 5 以及它可爱的壳子
缕呈直发梳
七西眼罩
Living proof 洗发水
#我的日常好物分享[话题]# #好物分享[话题]# #好物推荐[话题]# #种草好物[话题]# #生活碎片记[话题]# #好物种草[话题]# #文石leaf5[话题]# #七西眼罩[话题]# #缕呈直发梳[话题]# #Living[话题]# proof #分享好物[话题]# #提升生活品质好物分享[话题]# #种草视频[话题]#",https://www.xiaohongshu.com/explore/681df05c0000000021003817?xsec_token=ABCPGC-XzSaRLQXpKgItz90eX77mDWBs_VrebSNaaEZQQ=&xsec_source=pc_search,5b6513573af7030001df0bf1,杨豆豆,2025-05-09T20:09:01+00:00,3.0,0.0,5.0,0.0,正向,"好物分享, 推荐",2025-05-30T00:30:57.829682+00:00
livingproof,Living Proof,77,661d4b6b000000001c007c5b,normal,女生怎么一眼看上去就贵气逼人,"①眼神明亮👀
最近出差遇到一位姐姐，看起来30不到的年纪确已经儿女双全，一问才知已经将近40。让我不敢相信的是她眼神明亮，依旧有少女的灵动。相由心生不无道理，如果低眉顺眼，一看就是讨好型人格。而对生活充满热情，拥有一对明亮的双眸，至少年轻10岁
	
②少有小动作👸
摸鼻子、抖腿、摇晃这些小动作总会让人觉得你不够自信，大女主都是上帝视角静观周遭变化的，女王气场就是这么形成的～
	
③习惯性地抬头挺胸💃
抬头挺胸，不要含胸驼背。平时也要多运动，打开筋骨和肩颈，如果天天不是上班就是宅家，人容易失去活力，走路也会显出疲态
	
④发质👩‍🦳
像我经常染发，更喜欢浅发色就会漂头发，太伤发质了。毛躁的头发看起来就很不精致，黑长直才更像女神。但是我也努力让自己往女神靠拢，一直用的livingproof 缕灵丰盈蓬松洗发水透明啫喱质地，泡沫绵密丰富，洗完头皮巨清爽不会干涩，发根一整个支棱起，轻松get蓬松发。我喜欢搭配着养发真丝乳一起使用，晚上睡觉前直接抹在头发上，乳霜一样的质地，含有11种氨基酸和稻米蛋白，抹上后很快就被发丝儿吸收了，毛躁直接原地消失，头发摸起来柔顺丝滑，而且它是完全被头发吃进去的那种，一点也不会沾枕头！就算染再多次也很有安全感
	
⑤保持神秘感🐈
跟谁也不要全盘托出，尽量不让人摸到自己的底线，因为神秘感永远更具有吸引力～
	
#女生必看[话题]# #贵气感[话题]# #女性主义[话题]# #女性成长[话题]# #女性智慧[话题]# #人情世故[话题]# #高情商[话题]# #livingproof缕灵[话题]# #livingproof洗发水[话题]# #livingproof养发真丝瓶[话题]# #免洗发膜[话题]# #洗发水[话题]# #护发养发[话题]# #女司机[话题]# #今日文案[话题]# #特斯拉[话题]# #瑞幸新品[话题]# #瑞幸联名labubu[话题]# #一起去露营[话题]# #精致好物[话题]#",https://www.xiaohongshu.com/explore/661d4b6b000000001c007c5b?xsec_token=ABTcDmGxkOWSeaqWYLhUpHELEafgi9XQe421Zwh-6XFNg=&xsec_source=pc_search,60bf263d00000000010059b2,牛掰嘎嘎,2024-04-17T23:15:42+00:00,486.0,99.0,64.0,3.0,正向,"乳霜一样质地, 含有11种氨基酸和稻米蛋白, 很快被发丝吸收, 毛躁直接原地消失, 柔顺丝滑, 不会沾枕头",2025-05-30T00:30:57.829682+00:00
livingproof,Living Proof,78,683d80ed000000002301ff51,normal,油头狂喜,"-被章小蕙女士&Papi酱女士长草有一段时间了
	
-趁着618折扣不得狠狠拿下💪🏿
	
-最近去健身房也都忍不住带着，运动完蓬松高颅顶也能轻松拿捏
	
-真是后悔买晚了，是一款会无限回购的洗发水
#油头救星[话题]# #缕灵[话题]# #缕灵洗发水[话题]# #livingproof[话题]#",https://www.xiaohongshu.com/explore/683d80ed000000002301ff51?xsec_token=ABxxvGj-vFs91EFUWu12FpeZ4D7QOM6YgAZYfvfQ_PVU8=&xsec_source=pc_search,556bf86a67bc652ebb7c9f71,阿Jo,2025-06-02T22:17:41+00:00,12.0,4.0,8.0,6.0,正向,"后悔买晚了, 无限回购",2025-06-07T20:07:59.707381+00:00
livingproof,Living Proof,79,6806453f000000000b017b73,video,2折😭小贵好用的洗发水只剩好用了‼️,"这洗发水只要不停产本油头能回购一辈子！！
清爽控油蓬松三手抓！告别条形码刘海[再见R]
破价跳水2折捡漏‼️
黑科技小资洗发水真的爱辽
#洗发水控油蓬松[话题]# #去屑洗发水[话题]# #哪种洗发水好用[话题]# #livingproof洗发水[话题]# #缕灵洗发水[话题]# #缕灵丰盈蓬松洗护[话题]# #livingproof蓬松洗护[话题]# #livingproof缕灵[话题]# #livingproof蓬蓬肽增粗发芯[话题]# #洗发水红榜[话题]#",https://www.xiaohongshu.com/explore/6806453f000000000b017b73?xsec_token=ABuQxYeULrUdar-hc5emIRVBQ8Mk8eZ1vkT5L79ecM6H4=&xsec_source=pc_search,62e8b5ab000000001501ae8e,小甜蜜丸子,2025-04-21T21:16:47+00:00,3.0,1.0,2.0,0.0,正向,丰盈蓬松,2025-06-07T20:43:39.601977+00:00
livingproof,Living Proof,80,67ff1f58000000001202f75b,normal,最近迷上了尝试“蓬松”洗发水，已经买了8套试用装了，准备一个个尝试并记录一下，来个测评[偷笑R]#小红书春日特派员[话题]##夏日香氛[话题]# #卡诗[话题]# #欧莱雅[话题]# #hl黑云杉[话题]# #claynal蓬派[话题]# #诗裴丝[话题]# #longtake[话题]# #livingproof缕灵[话题]# #offrelax[话题]#,最近迷上了尝试“蓬松”洗发水，已经买了8套试用装了，准备一个个尝试并记录一下，来个测评[偷笑R]#小红书春日特派员[话题]##夏日香氛[话题]# #卡诗[话题]# #欧莱雅[话题]# #hl黑云杉[话题]# #claynal蓬派[话题]# #诗裴丝[话题]# #longtake[话题]# #livingproof缕灵[话题]# #offrelax[话题]#,https://www.xiaohongshu.com/explore/67ff1f58000000001202f75b?xsec_token=AB0HzqGQN-wywR-ScNp0JwFaaQow0IqPXKmo6JeV9kkZ4=&xsec_source=pc_search,55ef7eccc2bdeb209c85b0de,ranesy,2025-04-16T11:09:12+00:00,0.0,0.0,3.0,0.0,正向,"蓬松, 喜欢",2025-05-30T00:30:57.829682+00:00
livingproof,Living Proof,81,681c2816000000002202694a,normal,【洗发水合集】欧莱雅Pro最好用,"#哪种洗发水好用[话题]#
用过那么多品牌洗发水的部分产品：
欧莱雅Pro最好用，本油头最爱
欧舒丹也不错
奈本十八中等生
living proof洗完略干涩
OLAPlex没有宣传那么好用，洗完也不顺滑
最后一款欧莱雅很难用",https://www.xiaohongshu.com/explore/681c2816000000002202694a?xsec_token=ABdlLrBIZFuH7egjf64Boeine60_N2eTTNAhEPvxJlWMM=&xsec_source=pc_search,62b7ec9e000000001902807c,小非洲,2025-05-08T11:42:58+00:00,57.0,35.0,59.0,19.0,负向,略干涩,2025-06-07T20:07:59.707381+00:00
livingproof,Living Proof,82,682c1fd0000000000f0313a3,video,最近谈下最🐮的折扣！缕灵黑科技！,"200+清到79💰
超级大的力度 真的是跳水下凡了
控油蓬松 🇺🇸专研黑科技
夏天油头的季节来了！
实测有用！油扁塌不存在的～
#看得见的肽蓬松力[话题]# #livingproof洗发水[话题]# #livingproof缕灵[话题]# #缕灵丰盈蓬松洗发水[话题]# #缕灵每日圆满洗发水[话题]# #Livingproof蓬松洗护[话题]# #不含月桂醇的洗发水[话题]# #氨基酸洗发水[话题]# #去油蓬松洗发水[话题]# #洗发水去油[话题]#",https://www.xiaohongshu.com/explore/682c1fd0000000000f0313a3?xsec_token=ABMbUNW9QbFNCX0nODx5ziA-fcTqgKZMnWh4K1ssj4kDw=&xsec_source=pc_search,62e8b5ab000000001501ae8e,小甜蜜丸子,2025-05-20T14:23:12+00:00,2.0,0.0,1.0,1.0,正向,"控油蓬松, 黑科技, 实测有用",2025-06-07T20:43:39.601977+00:00
livingproof,Living Proof,86,682320d2000000000f03a655,video,神仙洗发水的神仙机制！从没这么低过！,"氨基酸配方，不会干干涩涩的！
这款是livingproof每日圆满
更适合干性发质的宝子
滋养干枯毛燥 睡一觉头发都不带打结的！
	
官方200+💰！仅此一批清完即止！
油头宝子们去冲丰盈蓬松款[害羞R]
	
#livingproof洗发水[话题]# #缕灵丰盈蓬松洗发水[话题]# #Livingproof缕灵[话题]# #进口洗发水[话题]# #洗发水清仓捡漏[话题]# #洗发水控油蓬松[话题]# #干枯毛燥洗发水[话题]# #氨基酸洗发水[话题]# #去屑止痒洗发水[话题]# #洗发水蓬松细软塌[话题]#",https://www.xiaohongshu.com/explore/682320d2000000000f03a655?xsec_token=ABqsAN3FG4lQ_6WAXsRUAa8LZnx6wh714QKJ75b3qQLYs=&xsec_source=pc_search,62e8b5ab000000001501ae8e,小甜蜜丸子,2025-05-13T18:37:07+00:00,0.0,0.0,2.0,1.0,正向,"滋养, 不会干干涩涩",2025-06-07T20:43:39.601977+00:00
livingproof,Living Proof,87,64a511a80000000023035716,normal,用空补货的living proof,"洗发水这东西，就是今天用了，用了一段时间要换的，卡诗也是，
最近换到了living proof
不含硅油，我用着还不错，不过千头千洗感
油头有啥别的好用洗发水也可以推荐给我
广子别来#油头洗发水[话题]#",https://www.xiaohongshu.com/explore/64a511a80000000023035716?xsec_token=ABCYjPxV4y9NlaWnZS0ko2Zh57B3ey-TwJchWxm3-Prn4=&xsec_source=pc_search,5573ab6cb7ba226ba29bce47,老刘来一下,2023-07-05T14:46:01+00:00,7.0,4.0,7.0,1.0,正向,"不含硅油, 用着还不错",2025-05-30T00:30:57.829682+00:00
livingproof,Living Proof,88,681c742b000000001101e9a8,video,很！控！油！的洗发水！真的捡到宝了！,"美国很🐮的黑科技洗护品牌
专研控油蓬松 效果绝了！
大跳水！清仓价！🛒
#油头洗发水[话题]# #哪种洗发水好用[话题]# #洗发水红榜[话题]# #洗发水控油蓬松[话题]# #洗发水推荐排行榜[话题]# #livingproof洗发水[话题]# #Livingproof[话题]# #Livingproof缕灵[话题]# #Livingproof丰盈蓬松洗发水[话题]# #缕灵每日圆满洗发水[话题]#",https://www.xiaohongshu.com/explore/681c742b000000001101e9a8?xsec_token=ABZQHbZLV5WMIc_TJrKTzJMYYyEW_pR2UNLgEmGbV0Y8k=&xsec_source=pc_search,62e8b5ab000000001501ae8e,小甜蜜丸子,2025-05-08T17:06:51+00:00,0.0,0.0,1.0,0.0,正向,"控油, 蓬松, 效果绝了",2025-06-07T20:43:39.601977+00:00
livingproof,Living Proof,89,66fa14bb000000001902d352,normal,空瓶9.29：又是同一天空俩,"living proof洗发水：这是回购的第三瓶，质地味道都挺喜欢的，但是最近这瓶不知道咋滴开始有头屑了，不回购啦
香奶奶洁面：回购的第二支，喜欢这个味道，清洁度啥的中规中矩，性价比木有，只是单纯的喜欢这个味道和配色，并且没有不易冲洗洗不干净和拔干的雷点，还有一支没开封的，暂时不打算换掉
#livingproof洗发水[话题]#
#香奈儿洁面[话题]#",https://www.xiaohongshu.com/explore/66fa14bb000000001902d352?xsec_token=AB2yhjBiFqd_c11MsSfltH4C0x40DUUJjPTK8GM3dNtD4=&xsec_source=pc_search,5a8b78a94eacab1eb6399b58,7。,2024-09-30T11:03:01+00:00,6.0,1.0,1.0,1.0,中立,"喜欢, 有头屑, 不回购",2025-06-07T20:07:59.707381+00:00
livingproof,Living Proof,90,67e3b74d000000000900d603,normal,油扁塌本命洗发水。。。可以回购一万年！,"对于油头细软塌的发质来说，找到一款合适的洗发水简直太难了！头皮容易油，头顶却细软扁塌，每次洗完头，第二天就开始出油贴头皮，尤其在家带孩子累的出油更快了。
	
😣别担心，今天给大家带来的这款全效丰盈蓬松洗发水236ml，或许就是你一直在寻找的解决方案。
	
首先，这款洗发水含有双重控油成分——烟酰胺和薄荷醇，能够深入头皮毛孔，有效控制油脂分泌，让头发保持清爽不油腻。
	
🌱同时，它还特别添加了生育酚、尿囊素和透明质酸等成分，为头皮和头发提供充足营养，从根本上解决头皮油腻和头发扁塌的问题。
	
💆‍♀️记得，每周至少使用一次护发素，以保持头发的柔顺与光泽。
	
坚持使用，你将会发现头发变得越来越蓬松，根根分明，不再油腻贴头皮，而是拥有了自然的空气感。
	
👩‍🦰对于油头细软塌的发质来说，这款洗发水简直就是救星。不仅能够有效控油，还能够从根本上解决头皮和头发的问题，让头发变得丰盈蓬松，让你的头发重获自由，绽放自然魅力。
	
#控油蓬松[话题]# #有机洗发水[话题]# #洗发水推荐[话题]##产后洗发水[话题]##控油洗发水[话题]##丰盈蓬松[话题]##细软塌救星[话题]# #livingproof[话题]# #缕灵洗发水[话题]# #哪种洗发水好用[话题]#",https://www.xiaohongshu.com/explore/67e3b74d000000000900d603?xsec_token=ABUVZBrOOpHpc1RjARbjDOnOrDYQZwhv1KL_lRRfGTMJw=&xsec_source=pc_search,62790ce6000000001501745f,bellaaaa,2025-03-26T16:14:05+00:00,5.0,1.0,1.0,1.0,正向,"控油, 蓬松, 丰盈, 救星",2025-06-07T20:43:39.601977+00:00
livingproof,Living Proof,91,65eac4e3000000000102ab09,video,水光绸缎黑长直的护发方法｜细软塌救星🌟,#护发[话题]##护发心得分享[话题]# #黑长直[话题]# #头发[话题]##发型[话题]##养发护发[话题]# #livingproof缕灵[话题]##livingproof洗发水[话题]##livingproof养发真丝瓶[话题]##细软塌[话题]##蓬松洗发水[话题]##蓬蓬肽增粗发芯[话题]# #多肽修护发芯[话题]##养出丝缎发[话题]#,https://www.xiaohongshu.com/explore/65eac4e3000000000102ab09?xsec_token=ABUh5BCju17YgaAbH4_5hCqScB4LB6fPNVFT7gEtizvVE=&xsec_source=pc_search,5eab96870000000001004038,小书包（黑长直版）,2024-03-08T15:57:24+00:00,172.0,51.0,1.0,0.0,正向,"修复肽复配氨基酸, 免洗, 不粘腻, 不会沾到枕头上, 整晚都感觉头发被呵护到",2025-05-30T00:30:57.829682+00:00
livingproof,Living Proof,92,684149900000000021019b8f,normal,好夸张！细软塌油头被狠狠教育了！,"是谁？第二天就油成条形码？发根紧贴头皮像刚被熨斗烫过？本细软塌十级油头患者宣布： livingproof丰盈蓬松洗发水，就是我头皮的重生父母！
	
以前洗完头＝油头倒计时开始：
两天油得能炒菜…更别提那该死的头皮痒！
	
市面上宣称""控油蓬松""的货色试了个遍，直到试用了缕灵洗发水，好家伙！一试不要紧，给我头顶干这么蓬松是怎么回事！
关键！那种深入骨髓的干爽轻盈感，谁懂啊？头皮不痒了，呼吸都畅快了！
	
以前：睡前洗的头，睡醒就塌方（真的会谢！)
现在：缕灵洗发水能让我顶着根根分明的发丝撑过完整三天！
简直是懒癌晚期＆油头天敌（正是在下）的续命神器！
	
#控油蓬松[话题]# #油头救星[话题]# #livingproof洗发水[话题]# #洗发水控油蓬松[话题]# #油头洗发水[话题]# #缕灵丰盈蓬松洗发水[话题]# #Livingproof缕灵[话题]# #livingproof洗发水测评[话题]# #洗发水去屑止痒控油蓬松[话题]# #洗发水分享[话题]#",https://www.xiaohongshu.com/explore/684149900000000021019b8f?xsec_token=ABeynBVZ930CSwCHnvm4U6pjVOpa88mhFTK7CkKiMK4gU=&xsec_source=pc_search,62790ce6000000001501745f,bellaaaa,2025-06-05T15:38:56+00:00,0.0,0.0,1.0,0.0,正向,"控油, 蓬松, 干爽, 轻盈, 不痒, 畅快",2025-06-07T20:43:39.601977+00:00
livingproof,Living Proof,93,6822adcd0000000022035067,normal,换季脱发女孩的保卫发量旅行搭子,"每当换季开始，掉发量日渐惊悚，对比研究了很多安利，拔草了很多带货热点产品，个人持续一个月使用经验真实分享。
首先，这套组合是我坚持使用了一个月，每一两天一洗发，每一件都按步骤进行的经验总结。任何产品如果想看是否有效，都一定要坚持至少一个周期（不适用、过敏除外）。个人喜欢自然草本味道，对东南亚的香氛也完全接受，洗发水有丰富泡沫才有做了有用功的感觉。香味喜好很私人，如果担心气味不喜欢，可以先买最小规格的试用后再用正装哦，不然真的用不完…
【STEP 1】
SUDTANA头皮精油
章小蕙直播间成功种草。自从沉迷泰国OASIS SPA的精油后，成为了每次泰国行的必去之地，从此对东南亚香氛完全上头！SUDTANA的这款精油不会因为有薄荷让头皮在秋冬里吹啊吹啊我的骄傲放纵，草本气味浓厚，但不是很强势。我通常会用大约两吸管的量，用指腹均匀按摩头皮，停留半小时到一小时，等头皮腌渍入味（啊不），充分滋养[doge]，再洗发。洗完吹干时，会感到淡淡薄荷的清凉，感觉毛囊都在大口呼吸，天灵盖透气（这都什么阴间形容…）。
【STEP 2】
KLORANE 康如洗发水
金鸡纳生姜洗发水，法国药妆店爆品。起初听到生姜和药妆店草本洗发有点儿不想尝试，而且泡泡很少，但持续用居然真的有效果。因为有“泡泡少约等于洗不干净”执念，会叠加卡诗的银盖蓬松款洗发。
【STEP 3】
Living Proof护发素
日常发尾用。淡淡植物味道。不会有假滑洗不干净的感觉。
【STEP 4】
卡诗黑钻发膜
每周用1-2次。滋润度极佳。适合换季或暴晒后保养。
	
#护发养发头发护理[话题]# #油头救星[话题]# #换季[话题]#",https://www.xiaohongshu.com/explore/6822adcd0000000022035067?xsec_token=ABSi8DLumf53FK5tPoKy4BxF0jYLvimRa__zf80g-vHso=&xsec_source=pc_search,5b5dc974f7e8b95ae6bd804e,Flora和凤梨🍍,2025-05-13T10:27:33+00:00,1.0,0.0,4.0,0.0,正向,"淡淡植物味道, 蓬松效果比较明显",2025-06-07T20:07:59.707381+00:00
livingproof,Living Proof,94,669b28e80000000003024cfd,normal,真的没人觉得现在的清仓很恐怖吗？,"现在的清仓太恐怖了～
想买东西的蹲一蹲太有必要了啊
这不，缕灵彻底停不住了
500一套的洗发水现在不到200
Omg Omg
谷底，鲨疯
	
你可要知道他家的洗护可真不是什么小垃圾
这个是蓬松界的大佬
	
来自麻省理工学院研发的黑科技护发品牌
砖利成分OFPMA
——“头发隐形雨衣”，专门针对细软发、扁塌油腻发质研究，
具有控油、防尘、抗毛躁三重功效
咱说如今1XX同价位里也是找不到对手……趁现在谷底听我的，猛猛囤啊
#Livingproof缕灵[话题]#
#livingproof蓬松洗护[话题]##头发扁塌必入蓬松洗发水[话题]##洗发水测评[话题]##护发心得分享[话题]##洗护推荐[话题]##宝藏个护[话题]##细软塌头发蓬松秘诀[话题]##蓬松高颅顶[话题]##洗发水[话题]# #护发精油[话题]# #米诺地尔[话题]# #洗发水推荐[话题]# #护发素[话题]#",https://www.xiaohongshu.com/explore/669b28e80000000003024cfd?xsec_token=ABYVmfE8LUEcY9S5ykwFblSWKvFUfbRs2DFkfgKyep_6E=&xsec_source=pc_search,65703a8b0000000019013118,Tian tian,2024-08-16T17:21:01+00:00,5.0,3.0,0.0,0.0,正向,"大佬, 黑科技, 控油, 防尘, 抗毛躁",2025-06-07T20:43:39.601977+00:00
livingproof,Living Proof,95,64798fcc00000000140257e7,video,230s沉浸式消耗补货｜空瓶记｜补货日常解压🛒,#浪漫生活的记录者[话题]# #笔记灵感[话题]# #沉浸式消耗[话题]# #沉浸式[话题]# #沉浸式补货[话题]# #补货日常[话题]# #解压日常[话题]# #补货[话题]# #日常消耗[话题]# #我的日常[话题]# #解压[话题]# #解压视频[话题]# #補貨[话题]# #消耗补货[话题]# #原声解压[话题]# #消耗库存[话题]# #Livingproof缕灵[话题]# #livingproof蓬松洗护[话题]# #丝芙兰好物推荐[话题]#,https://www.xiaohongshu.com/explore/64798fcc00000000140257e7?xsec_token=ABBgg2w7W-qURrZXgcGN2r9FAJ16ztf-hAp2Z1yCY6sI0=&xsec_source=pc_search,5a61cb4811be10332bdbf566,一颗杰西,2023-07-04T10:42:48+00:00,225.0,37.0,21.0,2.0,正向,好物推荐,2025-05-30T00:30:57.829682+00:00
livingproof,Living Proof,96,66e0bec0000000001201098c,normal,北美洗发水小结 3,"像之前提到的，我的诉求很基本：好冲洗、洗得干净但不要干涩，头皮紧绷或黏腻都不喜欢，最后，对香精的忍受程度有限。
	
市面上的洗发水太多了，一点心得就是开架洗发水需要挑一挑，保湿系列需要做好心理预期，剩下的盲买差别其实不太大，毕竟发质无法改变，再来洗发水这种揉搓几分钟就洗掉的东西也不能太指望功效，有效成分看看就得。当然也有过大踩雷，但天天洗头的话硬着头皮也能用完……实在不行就当交学费。
	
oribe：这家洗发水功效分得很细，用过图中的两种，感受差别不大。质地丝滑，味道、使用感到包装也都没得说，毕竟价格到这了。用这瓶的时候就不仅是在洗头，是在pamper自己。大概只有在burn out的时候会回购，不想吊死在这么贵的树上。（是的我的消费主义也有底线
	
living proof：这个牌子的话我也是更喜欢hydrate（图四）而不是volume（图三）。一度非常沉迷hydrate的那款并不断回购，后来我的头皮就受不了了…….因为头皮对香精敏感。现在偶尔会买，但不会天天用。ps这家的慕斯也很好用。
	
Vitabrid在买之前我完全没有听说过，逛Nordstrom时看到这款成分表有胜肽和氨基酸什么的就随手买来，算是惊喜。这款不是很能起泡，无香精添加，很温和也洗得很干净，有点让我想起Seba的everyday shampoo，每天用头皮也不会觉得有负担。
	
OUAI也是老网红，我用过fine hair（虽然我不是细软发）和detox。fine hair针对细软发，但用下来的感受就是细软发真的能用这个吗…….用后头皮不舒服，头发塌得很快，香气也有点太偏花香，我不喜欢；detox那一款有添加苹果醋，主打深层清洁，品牌建议每周用一两次，但我试过连续使用也没什么问题。
	
SACHAJUAN来自瑞典，极简包装很吸睛。我应该只用过（且回购过）scalp shampoo和thickening shampoo。scalp shampoo里面有添加克莱米唑和杜鹃酸，算是功效型洗发水，宣传说可以帮助去除头皮屑，我目前还没有这个困扰所以没法就这一点说，但使用感而言，前一两瓶都非常好，后来头发开始出油很快，不确定是不是因为过度清洁，但没有再回购过。thickening的那一款和其他主打volume的差不多，不算非常出彩但也挑不出错。
	
小结应该到此就告一段落，用到好用的会再来分享。",https://www.xiaohongshu.com/explore/66e0bec0000000001201098c?xsec_token=ABJAHZtKDFXagQebuJhuYWuT6CZw9wer0BcJuxZmVWqIY=&xsec_source=pc_search,6649585800000000070045b7,阿鼓,2024-09-11T05:55:46+00:00,391.0,318.0,101.0,53.0,中立,"hydrate款好用, volume款不适合, 慕斯好用, 香精敏感",2025-05-30T00:30:57.829682+00:00
livingproof,Living Proof,97,630acc83000000001902baac,normal,周边故事Vol.2-郑云龙光影胶片,"缕灵宠粉福利
周边故事Vol.2-郑云龙光影胶片
第二次深陷源于大龙的回眸，深情诠释多面角色。胶片是光影，是一段角色的记录，缕灵希望用这种方式记录下与品牌大使郑云龙的故事，也期待邀请小星星们共同见“郑”秀发灵动之美。收到胶片的小星星们，快来分享你们的独特玩法吧~#Livingproof[话题]# #郑云龙[话题]# #郑云龙Livingproof缕灵科技护发[话题]# #见证每一缕灵动[话题]#",https://www.xiaohongshu.com/explore/630acc83000000001902baac?xsec_token=AB53T2FVhwccHRhQUumMgg80FocFbLIVE85_eeezmRmSI=&xsec_source=pc_search,5b9733584b7e830001bae035,Living proof缕灵,2022-08-28T10:01:40+00:00,96.0,7.0,12.0,1.0,正向,"灵动之美, 秀发灵动",2025-05-30T00:30:57.829682+00:00
livingproof,Living Proof,98,67308a19000000003c016170,normal,细软塌救星洗发水,"Living proof 缕灵丰盈蓬松控油洗发水
一直使用，效果很好
用了其他洗发水都不如这个好",https://www.xiaohongshu.com/explore/67308a19000000003c016170?xsec_token=ABdh2DXNEOdFMqapTPo5O4BJx5TdhZa0Jpgf8lPW73yw0=&xsec_source=pc_search,58a01f7a5e87e74bd65e37ab,小喵咪呀,2024-11-10T18:25:29+00:00,0.0,0.0,1.0,0.0,中立,,2025-05-30T00:30:57.829682+00:00
livingproof,Living Proof,99,6835ad7a000000000c03b32d,video,头是前天洗的，到现在还是很清爽蓬松！,"缕灵丰盈蓬松洗发水
完全就是便携头皮吸油机！
干枯毛燥的宝子冲每日圆满
还有710ml超大容量
日常3折的清仓价，狠狠心动了！！
#控油蓬松[话题]# #防脱控油洗发水[话题]# #洗发水控油蓬松[话题]# #油头救星[话题]# #油头洗发水[话题]# #livingproof洗发水[话题]# #livingproof缕灵[话题]# #缕灵丰盈蓬松洗发水[话题]# #缕灵每日圆满洗发水[话题]# #洗发水去屑止痒控油蓬松[话题]#",https://www.xiaohongshu.com/explore/6835ad7a000000000c03b32d?xsec_token=ABoL6_A0iBnYBB-ook8n9-6DV4A9qcQAUCm43PS2VttI4=&xsec_source=pc_search,62e8b5ab000000001501ae8e,小甜蜜丸子,2025-05-27T20:18:02+00:00,0.0,0.0,1.0,0.0,正向,"清爽蓬松, 便携头皮吸油机, 控油蓬松, 防脱控油, 去屑止痒",2025-06-07T20:43:39.601977+00:00
livingproof,Living Proof,100,681899d70000000012005037,video,浴室不能没有它。。轻盈蓬松～,"绝对是蓬松的黑科技！
氨基酸表活+专研蓬蓬肽
多大的油头都不够看[赞R]
限时⭕️哦，不要放过这个洗发水啊～
	
#控油蓬松[话题]# #洗发水控油蓬松[话题]# #livingproof洗发水[话题]# #Livingproof缕灵[话题]# #缕灵丰盈蓬松洗发水[话题]# #livingproof丰盈洗发水[话题]# #缕灵每日圆满洗发水[话题]# #洗发水分享[话题]# #夏季洗发水推荐[话题]# #看得见的肽蓬松力[话题]#",https://www.xiaohongshu.com/explore/681899d70000000012005037?xsec_token=ABmO6vQ7nVPTql8bBSucFMiNZkDgWL_iIW-UpXuOQK3Jo=&xsec_source=pc_search,62e8b5ab000000001501ae8e,小甜蜜丸子,2025-05-05T18:58:32+00:00,1.0,0.0,2.0,0.0,正向,"蓬松, 黑科技, 控油",2025-06-07T20:43:39.601977+00:00
